id,page,juz,surah,description,start
1,1,Juz 1,1. Al Fathiha,1  Al Fathiha Start,الْحَمْدُ لِلَّهِ رَبِّ
2,2,Juz 1,2. Al Baqara,2 Al Baqara Start,الم ذَلِكَ الْكِتَابُ
3,3,Juz 1,2. Al Baqara,,إِنَّ الَّذِينَ كَفَرُوا
4,4,Juz 1,2. Al Baqara,,مَثَلُهُمْ كَمَثَلِ الَّذِي
5,5,Juz 1,2. Al Baqara,,وَبَشِّرِ الَّذِينَ آمَنُوا
6,6,Juz 1,2. Al Baqara,,وَإِذْ قَالَ رَبُّكَ
7,7,Juz 1,2. Al Baqara,,قُلْنَا اهْبِطُوا مِنْهَا
8,8,Juz 1,2. Al Baqara,,وَإِذْ نَجَّيْنَاكُمْ مِنْ
9,9,Juz 1,2. Al Baqara,,وَإِذْ قُلْنَا ادْخُلُوا
10,10,Juz 1,2. Al Baqara,,إِنَّ الَّذِينَ آمَنُوا
11,11,Juz 1,2. Al Baqara,,قَالُوا ادْعُ لَنَا
12,12,Juz 1,2. Al Baqara,,أَوَلَا يَعْلَمُونَ أَنَّ
13,13,Juz 1,2. Al Baqara,,وَإِذْ أَخَذْنَا مِيثَاقَكُمْ
14,14,Juz 1,2. Al Baqara,,وَلَمَّا جَاءَهُمْ كِتَابٌ
15,15,Juz 1,2. Al Baqara,,قُلْ إِنْ كَانَتْ
16,16,Juz 1,2. Al Baqara,,وَاتَّبَعُوا مَا تَتْلُو
17,17,Juz 1,2. Al Baqara,,مَا نَنْسَخْ مِنْ
18,18,Juz 1,2. Al Baqara,,وَقَالَتِ الْيَهُودُ لَيْسَتِ
19,19,Juz 1,2. Al Baqara,,وَلَنْ تَرْضَى عَنْكَ
20,20,Juz 1,2. Al Baqara,,وَإِذْ يَرْفَعُ إِبْرَاهِيمُ
21,21,Juz 1,2. Al Baqara,Juz 1 End,وَقَالُوا كُونُوا هُودًا
22,22,Juz 2,2. Al Baqara,Juz 2 Start,سَيَقُولُ السُّفَهَاءُ مِنَ
23,23,Juz 2,2. Al Baqara,,الَّذِينَ آتَيْنَاهُمُ الْكِتَابَ
24,24,Juz 2,2. Al Baqara,,وَلَا تَقُولُوا لِمَنْ
25,25,Juz 2,2. Al Baqara,,إِنَّ فِي خَلْقِ
26,26,Juz 2,2. Al Baqara,,وَإِذَا قِيلَ لَهُمُ
27,27,Juz 2,2. Al Baqara,,لَيْسَ الْبِرَّ أَنْ
28,28,Juz 2,2. Al Baqara,,فَمَنْ خَافَ مِنْ
29,29,Juz 2,2. Al Baqara,,أُحِلَّ لَكُمْ لَيْلَةَ
30,30,Juz 2,2. Al Baqara,,وَاقْتُلُوهُمْ حَيْثُ ثَقِفْتُمُوهُمْ
31,31,Juz 2,2. Al Baqara,,الْحَجُّ أَشْهُرٌ مَعْلُومَاتٌ
32,32,Juz 2,2. Al Baqara,,وَاذْكُرُوا اللَّهَ فِي
33,33,Juz 2,2. Al Baqara,,سَلْ بَنِي إِسْرَائِيلَ
34,34,Juz 2,2. Al Baqara,,كُتِبَ عَلَيْكُمُ الْقِتَالُ
35,35,Juz 2,2. Al Baqara,,فِي الدُّنْيَا وَالْآخِرَةِ
36,36,Juz 2,2. Al Baqara,,لَا يُؤَاخِذُكُمُ اللَّهُ
37,37,Juz 2,2. Al Baqara,,وَإِذَا طَلَّقْتُمُ النِّسَاءَ
38,38,Juz 2,2. Al Baqara,,وَالَّذِينَ يُتَوَفَّوْنَ مِنْكُمْ
39,39,Juz 2,2. Al Baqara,,حَافِظُوا عَلَى الصَّلَوَاتِ
40,40,Juz 2,2. Al Baqara,,أَلَمْ تَرَ إِلَى
41,41,Juz 2,2. Al Baqara,Juz 2 End,فَلَمَّا فَصَلَ طَالُوتُ
42,42,Juz 3,2. Al Baqara,Juz 3 Start,تِلْكَ الرُّسُلُ فَضَّلْنَا
43,43,Juz 3,2. Al Baqara,,اللَّهُ وَلِيُّ الَّذِينَ
44,44,Juz 3,2. Al Baqara,,وَإِذْ قَالَ إِبْرَاهِيمُ
45,45,Juz 3,2. Al Baqara,,وَمَثَلُ الَّذِينَ يُنْفِقُونَ
46,46,Juz 3,2. Al Baqara,,وَمَا أَنْفَقْتُمْ مِنْ
47,47,Juz 3,2. Al Baqara,,الَّذِينَ يَأْكُلُونَ الرِّبَا
48,48,Juz 3,2. Al Baqara,,يَاأَيُّهَا الَّذِينَ آمَنُوا
49,49,Juz 3,2. Al Baqara,,وَإِنْ كُنْتُمْ عَلَى
50,50,Juz 3,2. Al Baqara,,الم اللَّهُ لَا
51,51,Juz 3,2. Al Baqara,2 Al Baqara End,إِنَّ الَّذِينَ كَفَرُوا
52,52,Juz 3,3. Aal-e-Imran,3 Aal-e-Imran Start,الَّذِينَ يَقُولُونَ رَبَّنَا
53,53,Juz 3,3. Aal-e-Imran,,أَلَمْ تَرَ إِلَى
54,54,Juz 3,3. Aal-e-Imran,,يَوْمَ تَجِدُ كُلُّ
55,55,Juz 3,3. Aal-e-Imran,,هُنَالِكَ دَعَا زَكَرِيَّا
56,56,Juz 3,3. Aal-e-Imran,,وَيُكَلِّمُ النَّاسَ فِي
57,57,Juz 3,3. Aal-e-Imran,,رَبَّنَا آمَنَّا بِمَا
58,58,Juz 3,3. Aal-e-Imran,,إِنَّ هَذَا لَهُوَ
59,59,Juz 3,3. Aal-e-Imran,,يَاأَهْلَ الْكِتَابِ لِمَ
60,60,Juz 3,3. Aal-e-Imran,,وَإِنَّ مِنْهُمْ لَفَرِيقًا
61,61,Juz 3,3. Aal-e-Imran,Juz 3 End,قُلْ آمَنَّا بِاللَّهِ
62,62,Juz 4,3. Aal-e-Imran,Juz 4 Start,لَنْ تَنَالُوا الْبِرَّ
63,63,Juz 4,3. Aal-e-Imran,,وَكَيْفَ تَكْفُرُونَ وَأَنْتُمْ
64,64,Juz 4,3. Aal-e-Imran,,وَلِلَّهِ مَا فِي
65,65,Juz 4,3. Aal-e-Imran,,إِنَّ الَّذِينَ كَفَرُوا
66,66,Juz 4,3. Aal-e-Imran,,إِذْ هَمَّتْ طَائِفَتَانِ
67,67,Juz 4,3. Aal-e-Imran,,وَسَارِعُوا إِلَى مَغْفِرَةٍ
68,68,Juz 4,3. Aal-e-Imran,,وَلِيُمَحِّصَ اللَّهُ الَّذِينَ
69,69,Juz 4,3. Aal-e-Imran,,يَاأَيُّهَا الَّذِينَ آمَنُوا
70,70,Juz 4,3. Aal-e-Imran,,ثُمَّ أَنْزَلَ عَلَيْكُمْ
71,71,Juz 4,3. Aal-e-Imran,,وَلَئِنْ مُتُّمْ أَوْ
72,72,Juz 4,3. Aal-e-Imran,,وَمَا أَصَابَكُمْ يَوْمَ
73,73,Juz 4,3. Aal-e-Imran,,فَانْقَلَبُوا بِنِعْمَةٍ مِنَ
74,74,Juz 4,3. Aal-e-Imran,,لَقَدْ سَمِعَ اللَّهُ
75,75,Juz 4,3. Aal-e-Imran,,وَإِذْ أَخَذَ اللَّهُ
76,76,Juz 4,3. Aal-e-Imran,3 Aal-e-Imran End,فَاسْتَجَابَ لَهُمْ رَبُّهُمْ
77,77,Juz 4,4. An Nisa,4 An Nisa Start,يَاأَيُّهَا النَّاسُ اتَّقُوا
78,78,Juz 4,4. An Nisa,,لِلرِّجَالِ نَصِيبٌ مِمَّا
79,79,Juz 4,4. An Nisa,,وَلَكُمْ نِصْفُ مَا
80,80,Juz 4,4. An Nisa,,وَاللَّاتِي يَأْتِينَ الْفَاحِشَةَ
81,81,Juz 4,4. An Nisa,,وَإِنْ أَرَدْتُمُ اسْتِبْدَالَ
82,82,Juz 5,4. An Nisa,Juz 5 Start,وَالْمُحْصَنَاتُ مِنَ النِّسَاءِ
83,83,Juz 5,4. An Nisa,,وَاللَّهُ يُرِيدُ أَنْ
84,84,Juz 5,4. An Nisa,,الرِّجَالُ قَوَّامُونَ عَلَى
85,85,Juz 5,4. An Nisa,,وَالَّذِينَ يُنْفِقُونَ أَمْوَالَهُمْ
86,86,Juz 5,4. An Nisa,,وَاللَّهُ أَعْلَمُ بِأَعْدَائِكُمْ
87,87,Juz 5,4. An Nisa,,أُولَئِكَ الَّذِينَ لَعَنَهُمُ
88,88,Juz 5,4. An Nisa,,أَلَمْ تَرَ إِلَى
89,89,Juz 5,4. An Nisa,,وَلَوْ أَنَّا كَتَبْنَا
90,90,Juz 5,4. An Nisa,,وَمَا لَكُمْ لَا
91,91,Juz 5,4. An Nisa,,مَنْ يُطِعِ الرَّسُولَ
92,92,Juz 5,4. An Nisa,,اللَّهُ لَا إِلَهَ
93,93,Juz 5,4. An Nisa,,وَمَا كَانَ لِمُؤْمِنٍ
94,94,Juz 5,4. An Nisa,,لَا يَسْتَوِي الْقَاعِدُونَ
95,95,Juz 5,4. An Nisa,,وَإِذَا كُنْتَ فِيهِمْ
96,96,Juz 5,4. An Nisa,,وَاسْتَغْفِرِ اللَّهَ إِنَّ
97,97,Juz 5,4. An Nisa,,لَا خَيْرَ فِي
98,98,Juz 5,4. An Nisa,,وَالَّذِينَ آمَنُوا وَعَمِلُوا
99,99,Juz 5,4. An Nisa,,وَإِنِ امْرَأَةٌ خَافَتْ
100,100,Juz 5,4. An Nisa,,يَاأَيُّهَا الَّذِينَ آمَنُوا
101,101,Juz 5,4. An Nisa,Juz 5 End,الَّذِينَ يَتَرَبَّصُونَ بِكُمْ
102,102,Juz 6,4. An Nisa,Juz 6 Start,لَا يُحِبُّ اللَّهُ
103,103,Juz 6,4. An Nisa,,فَبِمَا نَقْضِهِمْ مِيثَاقَهُمْ
104,104,Juz 6,4. An Nisa,,إِنَّا أَوْحَيْنَا إِلَيْكَ
105,105,Juz 6,4. An Nisa,4 An Nisa End,يَاأَهْلَ الْكِتَابِ لَا
106,106,Juz 6,5. Al Ma'idah,5 Al Ma'idah Start,يَسْتَفْتُونَكَ قُلِ اللَّهُ
107,107,Juz 6,5. Al Ma'idah,,حُرِّمَتْ عَلَيْكُمُ الْمَيْتَةُ
108,108,Juz 6,5. Al Ma'idah,,يَاأَيُّهَا الَّذِينَ آمَنُوا
109,109,Juz 6,5. Al Ma'idah,,وَالَّذِينَ كَفَرُوا وَكَذَّبُوا
110,110,Juz 6,5. Al Ma'idah,,وَمِنَ الَّذِينَ قَالُوا
111,111,Juz 6,5. Al Ma'idah,,وَقَالَتِ الْيَهُودُ وَالنَّصَارَى
112,112,Juz 6,5. Al Ma'idah,,قَالُوا يَامُوسَى إِنَّا
113,113,Juz 6,5. Al Ma'idah,,مِنْ أَجْلِ ذَلِكَ
114,114,Juz 6,5. Al Ma'idah,,يُرِيدُونَ أَنْ يَخْرُجُوا
115,115,Juz 6,5. Al Ma'idah,,سَمَّاعُونَ لِلْكَذِبِ أَكَّالُونَ
116,116,Juz 6,5. Al Ma'idah,,وَقَفَّيْنَا عَلَى آثَارِهِمْ
117,117,Juz 6,5. Al Ma'idah,,يَاأَيُّهَا الَّذِينَ آمَنُوا
118,118,Juz 6,5. Al Ma'idah,,وَإِذَا نَادَيْتُمْ إِلَى
119,119,Juz 6,5. Al Ma'idah,,وَلَوْ أَنَّ أَهْلَ
120,120,Juz 6,5. Al Ma'idah,,وَحَسِبُوا أَلَّا تَكُونَ
121,121,Juz 6,5. Al Ma'idah,Juz 6 End,لُعِنَ الَّذِينَ كَفَرُوا
122,122,Juz 7,5. Al Ma'idah,Juz 7 Start,وَمَا لَنَا لَا
123,123,Juz 7,5. Al Ma'idah,,إِنَّمَا يُرِيدُ الشَّيْطَانُ
124,124,Juz 7,5. Al Ma'idah,,أُحِلَّ لَكُمْ صَيْدُ
125,125,Juz 7,5. Al Ma'idah,,وَإِذَا قِيلَ لَهُمْ
126,126,Juz 7,5. Al Ma'idah,,يَوْمَ يَجْمَعُ اللَّهُ
127,127,Juz 7,5. Al Ma'idah,5 Al Ma'idah End,قَالَ عِيسَى ابْنُ
128,128,Juz 7,6. Al An'am,6 Al An'am Start,الْحَمْدُ لِلَّهِ الَّذِي
129,129,Juz 7,6. Al An'am,,وَلَوْ جَعَلْنَاهُ مَلَكًا
130,130,Juz 7,6. Al An'am,,قُلْ أَيُّ شَيْءٍ
131,131,Juz 7,6. Al An'am,,بَلْ بَدَا لَهُمْ
132,132,Juz 7,6. Al An'am,,إِنَّمَا يَسْتَجِيبُ الَّذِينَ
133,133,Juz 7,6. Al An'am,,فَقُطِعَ دَابِرُ الْقَوْمِ
134,134,Juz 7,6. Al An'am,,وَكَذَلِكَ فَتَنَّا بَعْضَهُمْ
135,135,Juz 7,6. Al An'am,,وَهُوَ الَّذِي يَتَوَفَّاكُمْ
136,136,Juz 7,6. Al An'am,,وَمَا عَلَى الَّذِينَ
137,137,Juz 7,6. Al An'am,,وَإِذْ قَالَ إِبْرَاهِيمُ
138,138,Juz 7,6. Al An'am,,الَّذِينَ آمَنُوا وَلَمْ
139,139,Juz 7,6. Al An'am,,وَمَا قَدَرُوا اللَّهَ
140,140,Juz 7,6. Al An'am,,إِنَّ اللَّهَ فَالِقُ
141,141,Juz 7,6. Al An'am,Juz 7 End,ذَلِكُمُ اللَّهُ رَبُّكُمْ
142,142,Juz 8,6. Al An'am,Juz 8 Start,وَلَوْ أَنَّنَا نَزَّلْنَا
143,143,Juz 8,6. Al An'am,,وَمَا لَكُمْ أَلَّا
144,144,Juz 8,6. Al An'am,,فَمَنْ يُرِدِ اللَّهُ
145,145,Juz 8,6. Al An'am,,ذَلِكَ أَنْ لَمْ
146,146,Juz 8,6. Al An'am,,وَقَالُوا هَذِهِ أَنْعَامٌ
147,147,Juz 8,6. Al An'am,,ثَمَانِيَةَ أَزْوَاجٍ مِنَ
148,148,Juz 8,6. Al An'am,,فَإِنْ كَذَّبُوكَ فَقُلْ
149,149,Juz 8,6. Al An'am,,وَلَا تَقْرَبُوا مَالَ
150,150,Juz 8,6. Al An'am,6 Al An'am End,هَلْ يَنْظُرُونَ إِلَّا
151,151,Juz 8,7. Al A'raf,7 Al A'raf Start,المص كِتَابٌ أُنْزِلَ
152,152,Juz 8,7. Al A'raf,,قَالَ مَا مَنَعَكَ
153,153,Juz 8,7. Al A'raf,,قَالَا رَبَّنَا ظَلَمْنَا
154,154,Juz 8,7. Al A'raf,,يَابَنِي آدَمَ خُذُوا
155,155,Juz 8,7. Al A'raf,,قَالَ ادْخُلُوا فِي
156,156,Juz 8,7. Al A'raf,,وَنَادَى أَصْحَابُ الْجَنَّةِ
157,157,Juz 8,7. Al A'raf,,وَلَقَدْ جِئْنَاهُمْ بِكِتَابٍ
158,158,Juz 8,7. Al A'raf,,وَالْبَلَدُ الطَّيِّبُ يَخْرُجُ
159,159,Juz 8,7. Al A'raf,,أُبَلِّغُكُمْ رِسَالَاتِ رَبِّي
160,160,Juz 8,7. Al A'raf,,وَاذْكُرُوا إِذْ جَعَلَكُمْ
161,161,Juz 8,7. Al A'raf,Juz 8 End,وَمَا كَانَ جَوَابَ
162,162,Juz 9,7. Al A'raf,Juz 9 Start,قَالَ الْمَلَأُ الَّذِينَ
163,163,Juz 9,7. Al A'raf,,وَلَوْ أَنَّ أَهْلَ
164,164,Juz 9,7. Al A'raf,,حَقِيقٌ عَلَى أَنْ
165,165,Juz 9,7. Al A'raf,,قَالُوا آمَنَّا بِرَبِّ
166,166,Juz 9,7. Al A'raf,,فَإِذَا جَاءَتْهُمُ الْحَسَنَةُ
167,167,Juz 9,7. Al A'raf,,وَجَاوَزْنَا بِبَنِي إِسْرَائِيلَ
168,168,Juz 9,7. Al A'raf,,قَالَ يَامُوسَى إِنِّي
169,169,Juz 9,7. Al A'raf,,وَلَمَّا رَجَعَ مُوسَى
170,170,Juz 9,7. Al A'raf,,وَاكْتُبْ لَنَا فِي
171,171,Juz 9,7. Al A'raf,,وَقَطَّعْنَاهُمُ اثْنَتَيْ عَشْرَةَ
172,172,Juz 9,7. Al A'raf,,وَإِذْ قَالَتْ أُمَّةٌ
173,173,Juz 9,7. Al A'raf,,وَإِذْ نَتَقْنَا الْجَبَلَ
174,174,Juz 9,7. Al A'raf,,وَلَقَدْ ذَرَأْنَا لِجَهَنَّمَ
175,175,Juz 9,7. Al A'raf,,قُلْ لَا أَمْلِكُ
176,176,Juz 9,7. Al A'raf,7 Al A'raf End,إِنَّ وَلِيِّيَ اللَّهُ
177,177,Juz 9,8. Al Anfal,8 Al Anfal Start,يَسْأَلُونَكَ عَنِ الْأَنْفَالِ
178,178,Juz 9,8. Al Anfal,,إِذْ تَسْتَغِيثُونَ رَبَّكُمْ
179,179,Juz 9,8. Al Anfal,,فَلَمْ تَقْتُلُوهُمْ وَلَكِنَّ
180,180,Juz 9,8. Al Anfal,,وَاذْكُرُوا إِذْ أَنْتُمْ
181,181,Juz 9,8. Al Anfal,,وَمَا لَهُمْ أَلَّا
182,182,Juz 10,8. Al Anfal,Juz 10 Start,وَاعْلَمُوا أَنَّمَا غَنِمْتُمْ
183,183,Juz 10,8. Al Anfal,,وَأَطِيعُوا اللَّهَ وَرَسُولَهُ
184,184,Juz 10,8. Al Anfal,,ذَلِكَ بِأَنَّ اللَّهَ
185,185,Juz 10,8. Al Anfal,,وَإِنْ يُرِيدُوا أَنْ
186,186,Juz 10,8. Al Anfal,8 Al Anfal End,يَاأَيُّهَا النَّبِيُّ قُلْ
187,187,Juz 10,9. At Tawbah,9 At Tawbah Start,بَرَاءَةٌ مِنَ اللَّهِ
188,188,Juz 10,9. At Tawbah,,كَيْفَ يَكُونُ لِلْمُشْرِكِينَ
189,189,Juz 10,9. At Tawbah,,قَاتِلُوهُمْ يُعَذِّبْهُمُ اللَّهُ
190,190,Juz 10,9. At Tawbah,,يُبَشِّرُهُمْ رَبُّهُمْ بِرَحْمَةٍ
191,191,Juz 10,9. At Tawbah,,ثُمَّ يَتُوبُ اللَّهُ
192,192,Juz 10,9. At Tawbah,,يُرِيدُونَ أَنْ يُطْفِئُوا
193,193,Juz 10,9. At Tawbah,,إِنَّمَا النَّسِيءُ زِيَادَةٌ
194,194,Juz 10,9. At Tawbah,,انْفِرُوا خِفَافًا وَثِقَالًا
195,195,Juz 10,9. At Tawbah,,لَقَدِ ابْتَغَوُا الْفِتْنَةَ
196,196,Juz 10,9. At Tawbah,,فَلَا تُعْجِبْكَ أَمْوَالُهُمْ
197,197,Juz 10,9. At Tawbah,,يَحْلِفُونَ بِاللَّهِ لَكُمْ
198,198,Juz 10,9. At Tawbah,,كَالَّذِينَ مِنْ قَبْلِكُمْ
199,199,Juz 10,9. At Tawbah,,يَاأَيُّهَا النَّبِيُّ جَاهِدِ
200,200,Juz 10,9. At Tawbah,,اسْتَغْفِرْ لَهُمْ أَوْ
201,201,Juz 10,9. At Tawbah,Juz 10 End,رَضُوا بِأَنْ يَكُونُوا
202,202,Juz 11,9. At Tawbah,Juz 11 Start,يَعْتَذِرُونَ إِلَيْكُمْ إِذَا
203,203,Juz 11,9. At Tawbah,,وَالسَّابِقُونَ الْأَوَّلُونَ مِنَ
204,204,Juz 11,9. At Tawbah,,وَالَّذِينَ اتَّخَذُوا مَسْجِدًا
205,205,Juz 11,9. At Tawbah,,التَّائِبُونَ الْعَابِدُونَ الْحَامِدُونَ
206,206,Juz 11,9. At Tawbah,,وَعَلَى الثَّلَاثَةِ الَّذِينَ
207,207,Juz 11,9. At Tawbah,9 At Tawbah End,يَاأَيُّهَا الَّذِينَ آمَنُوا
208,208,Juz 11,10. Yunus,10 Yunus Start,الر تِلْكَ آيَاتُ
209,209,Juz 11,10. Yunus,,إِنَّ الَّذِينَ لَا
210,210,Juz 11,10. Yunus,,وَإِذَا تُتْلَى عَلَيْهِمْ
211,211,Juz 11,10. Yunus,,وَإِذَا أَذَقْنَا النَّاسَ
212,212,Juz 11,10. Yunus,,لِلَّذِينَ أَحْسَنُوا الْحُسْنَى
213,213,Juz 11,10. Yunus,,قُلْ هَلْ مِنْ
214,214,Juz 11,10. Yunus,,وَمِنْهُمْ مَنْ يَنْظُرُ
215,215,Juz 11,10. Yunus,,وَلَوْ أَنَّ لِكُلِّ
216,216,Juz 11,10. Yunus,,أَلَا إِنَّ أَوْلِيَاءَ
217,217,Juz 11,10. Yunus,,وَاتْلُ عَلَيْهِمْ نَبَأَ
218,218,Juz 11,10. Yunus,,وَقَالَ فِرْعَوْنُ ائْتُونِي
219,219,Juz 11,10. Yunus,,قَالَ قَدْ أُجِيبَتْ
220,220,Juz 11,10. Yunus,10 Yunus End,فَلَوْلَا كَانَتْ قَرْيَةٌ
221,221,Juz 11,11. Hud,11 Hud Start,وَإِنْ يَمْسَسْكَ اللَّهُ
222,222,Juz 12,11. Hud,,وَمَا مِنْ دَابَّةٍ
223,223,Juz 12,11. Hud,,أَمْ يَقُولُونَ افْتَرَاهُ
224,224,Juz 12,11. Hud,,أُولَئِكَ لَمْ يَكُونُوا
225,225,Juz 12,11. Hud,,وَيَاقَوْمِ لَا أَسْأَلُكُمْ
226,226,Juz 12,11. Hud,,وَيَصْنَعُ الْفُلْكَ وَكُلَّمَا
227,227,Juz 12,11. Hud,,قَالَ يَانُوحُ إِنَّهُ
228,228,Juz 12,11. Hud,,إِنْ نَقُولُ إِلَّا
229,229,Juz 12,11. Hud,,قَالَ يَاقَوْمِ أَرَأَيْتُمْ
230,230,Juz 12,11. Hud,,قَالَتْ يَاوَيْلَتَى أَأَلِدُ
231,231,Juz 12,11. Hud,,فَلَمَّا جَاءَ أَمْرُنَا
232,232,Juz 12,11. Hud,,وَيَاقَوْمِ لَا يَجْرِمَنَّكُمْ
233,233,Juz 12,11. Hud,,يَقْدُمُ قَوْمَهُ يَوْمَ
234,234,Juz 12,11. Hud,11 Hud End,فَلَا تَكُ فِي
235,235,Juz 12,12. Yusuf,12 Yusuf Start,وَلَوْ شَاءَ رَبُّكَ
236,236,Juz 12,12. Yusuf,,قَالَ يَابُنَيَّ لَا
237,237,Juz 12,12. Yusuf,,فَلَمَّا ذَهَبُوا بِهِ
238,238,Juz 12,12. Yusuf,,وَرَاوَدَتْهُ الَّتِي هُوَ
239,239,Juz 12,12. Yusuf,,فَلَمَّا سَمِعَتْ بِمَكْرِهِنَّ
240,240,Juz 12,12. Yusuf,,وَاتَّبَعْتُ مِلَّةَ آبَائِي
241,241,Juz 12,12. Yusuf,Juz 12 End,قَالُوا أَضْغَاثُ أَحْلَامٍ
242,242,Juz 13,12. Yusuf,Juz 13 Start,وَمَا أُبَرِّئُ نَفْسِي
243,243,Juz 13,12. Yusuf,,قَالَ هَلْ آمَنُكُمْ
244,244,Juz 13,12. Yusuf,,فَلَمَّا جَهَّزَهُمْ بِجَهَازِهِمْ
245,245,Juz 13,12. Yusuf,,قَالَ مَعَاذَ اللَّهِ
246,246,Juz 13,12. Yusuf,,يَابَنِيَّ اذْهَبُوا فَتَحَسَّسُوا
247,247,Juz 13,12. Yusuf,,فَلَمَّا أَنْ جَاءَ
248,248,Juz 13,12. Yusuf,12 Yusuf End,وَمَا تَسْأَلُهُمْ عَلَيْهِ
249,249,Juz 13,13. Ar Ra'd,13 Ar Ra'd Start,المر تِلْكَ آيَاتُ
250,250,Juz 13,13. Ar Ra'd,,وَيَسْتَعْجِلُونَكَ بِالسَّيِّئَةِ قَبْلَ
251,251,Juz 13,13. Ar Ra'd,,لَهُ دَعْوَةُ الْحَقِّ
252,252,Juz 13,13. Ar Ra'd,,أَفَمَنْ يَعْلَمُ أَنَّمَا
253,253,Juz 13,13. Ar Ra'd,,الَّذِينَ آمَنُوا وَعَمِلُوا
254,254,Juz 13,13. Ar Ra'd,13 Ar Ra'd End,مَثَلُ الْجَنَّةِ الَّتِي
255,255,Juz 13,14. Ibrahim,14 Ibrahim Start,وَيَقُولُ الَّذِينَ كَفَرُوا
256,256,Juz 13,14. Ibrahim,,وَإِذْ قَالَ مُوسَى
257,257,Juz 13,14. Ibrahim,,قَالَتْ لَهُمْ رُسُلُهُمْ
258,258,Juz 13,14. Ibrahim,,أَلَمْ تَرَ أَنَّ
259,259,Juz 13,14. Ibrahim,,تُؤْتِي أُكُلَهَا كُلَّ
260,260,Juz 13,14. Ibrahim,,وَآتَاكُمْ مِنْ كُلِّ
261,261,Juz 13,14. Ibrahim,14 Ibrahim End,مُهْطِعِينَ مُقْنِعِي رُءُوسِهِمْ
262,262,Juz 14,15. Hijr,15 Hijr Start,الر تِلْكَ آيَاتُ
263,263,Juz 14,15. Hijr,,وَلَقَدْ جَعَلْنَا فِي
264,264,Juz 14,15. Hijr,,قَالَ يَاإِبْلِيسُ مَا
265,265,Juz 14,15. Hijr,,إِذْ دَخَلُوا عَلَيْهِ
266,266,Juz 14,15. Hijr,15 Hijr End,قَالَ هَؤُلَاءِ بَنَاتِي
267,267,Juz 14,16. Nahl,16 Nahl Start,الَّذِينَ جَعَلُوا الْقُرْآنَ
268,268,Juz 14,16. Nahl,,وَتَحْمِلُ أَثْقَالَكُمْ إِلَى
269,269,Juz 14,16. Nahl,,وَأَلْقَى فِي الْأَرْضِ
270,270,Juz 14,16. Nahl,,ثُمَّ يَوْمَ الْقِيَامَةِ
271,271,Juz 14,16. Nahl,,وَقَالَ الَّذِينَ أَشْرَكُوا
272,272,Juz 14,16. Nahl,,وَمَا أَرْسَلْنَا مِنْ
273,273,Juz 14,16. Nahl,,لِيَكْفُرُوا بِمَا آتَيْنَاهُمْ
274,274,Juz 14,16. Nahl,,وَاللَّهُ أَنْزَلَ مِنَ
275,275,Juz 14,16. Nahl,,وَيَعْبُدُونَ مِنْ دُونِ
276,276,Juz 14,16. Nahl,,وَاللَّهُ جَعَلَ لَكُمْ
277,277,Juz 14,16. Nahl,,الَّذِينَ كَفَرُوا وَصَدُّوا
278,278,Juz 14,16. Nahl,,وَلَا تَتَّخِذُوا أَيْمَانَكُمْ
279,279,Juz 14,16. Nahl,,وَلَقَدْ نَعْلَمُ أَنَّهُمْ
280,280,Juz 14,16. Nahl,,يَوْمَ تَأْتِي كُلُّ
281,281,Juz 14,16. Nahl,16 Nahl End,ثُمَّ إِنَّ رَبَّكَ
282,282,Juz 15,17. Isra',17 Isra' Start,سُبْحَانَ الَّذِي أَسْرَى
283,283,Juz 15,17. Isra',,عَسَى رَبُّكُمْ أَنْ
284,284,Juz 15,17. Isra',,مَنْ كَانَ يُرِيدُ
285,285,Juz 15,17. Isra',,وَإِمَّا تُعْرِضَنَّ عَنْهُمُ
286,286,Juz 15,17. Isra',,ذَلِكَ مِمَّا أَوْحَى
287,287,Juz 15,17. Isra',,قُلْ كُونُوا حِجَارَةً
288,288,Juz 15,17. Isra',,وَمَا مَنَعَنَا أَنْ
289,289,Juz 15,17. Isra',,وَإِذَا مَسَّكُمُ الضُّرُّ
290,290,Juz 15,17. Isra',,وَإِنْ كَادُوا لَيَسْتَفِزُّونَكَ
291,291,Juz 15,17. Isra',,إِلَّا رَحْمَةً مِنْ
292,292,Juz 15,17. Isra',17 Isra' End,وَمَنْ يَهْدِ اللَّهُ
293,293,Juz 15,18. Kahf,18 Kahf Start,وَبِالْحَقِّ أَنْزَلْنَاهُ وَبِالْحَقِّ
294,294,Juz 15,18. Kahf,,مَا لَهُمْ بِهِ
295,295,Juz 15,18. Kahf,,وَإِذِ اعْتَزَلْتُمُوهُمْ وَمَا
296,296,Juz 15,18. Kahf,,وَكَذَلِكَ أَعْثَرْنَا عَلَيْهِمْ
297,297,Juz 15,18. Kahf,,وَاصْبِرْ نَفْسَكَ مَعَ
298,298,Juz 15,18. Kahf,,وَدَخَلَ جَنَّتَهُ وَهُوَ
299,299,Juz 15,18. Kahf,,الْمَالُ وَالْبَنُونَ زِينَةُ
300,300,Juz 15,18. Kahf,,وَلَقَدْ صَرَّفْنَا فِي
301,301,Juz 15,18. Kahf,Juz 15 End,فَلَمَّا جَاوَزَا قَالَ
302,302,Juz 16,18. Kahf,Juz 16 Start,قَالَ أَلَمْ أَقُلْ
303,303,Juz 16,18. Kahf,,إِنَّا مَكَّنَّا لَهُ
304,304,Juz 16,18. Kahf,18 Kahf End,قَالَ هَذَا رَحْمَةٌ
305,305,Juz 16,19. Maryam,19 Maryam Start,كهيعص ذِكْرُ رَحْمَتِ
306,306,Juz 16,19. Maryam,,يَايَحْيَى خُذِ الْكِتَابَ
307,307,Juz 16,19. Maryam,,فَكُلِي وَاشْرَبِي وَقَرِّي
308,308,Juz 16,19. Maryam,,وَأَنْذِرْهُمْ يَوْمَ الْحَسْرَةِ
309,309,Juz 16,19. Maryam,,وَنَادَيْنَاهُ مِنْ جَانِبِ
310,310,Juz 16,19. Maryam,,رَبُّ السَّمَاوَاتِ وَالْأَرْضِ
311,311,Juz 16,19. Maryam,19 Maryam End,أَفَرَأَيْتَ الَّذِي كَفَرَ
312,312,Juz 16,20. Ta-Ha,20 Ta-Ha Start,إِنَّ الَّذِينَ آمَنُوا
313,313,Juz 16,20. Ta-Ha,,وَأَنَا اخْتَرْتُكَ فَاسْتَمِعْ
314,314,Juz 16,20. Ta-Ha,,إِذْ أَوْحَيْنَا إِلَى
315,315,Juz 16,20. Ta-Ha,,قَالَ عِلْمُهَا عِنْدَ
316,316,Juz 16,20. Ta-Ha,,قَالُوا يَامُوسَى إِمَّا
317,317,Juz 16,20. Ta-Ha,,وَلَقَدْ أَوْحَيْنَا إِلَى
318,318,Juz 16,20. Ta-Ha,,فَأَخْرَجَ لَهُمْ عِجْلًا
319,319,Juz 16,20. Ta-Ha,,كَذَلِكَ نَقُصُّ عَلَيْكَ
320,320,Juz 16,20. Ta-Ha,,فَتَعَالَى اللَّهُ الْمَلِكُ
321,321,Juz 16,20. Ta-Ha,20 Ta-Ha End,قَالَ كَذَلِكَ أَتَتْكَ
322,322,Juz 17,21. Anbiya,21 Anbiya Start,اقْتَرَبَ لِلنَّاسِ حِسَابُهُمْ
323,323,Juz 17,21. Anbiya,,وَكَمْ قَصَمْنَا مِنْ
324,324,Juz 17,21. Anbiya,,وَمَا أَرْسَلْنَا مِنْ
325,325,Juz 17,21. Anbiya,,وَإِذَا رَآكَ الَّذِينَ
326,326,Juz 17,21. Anbiya,,قُلْ إِنَّمَا أُنْذِرُكُمْ
327,327,Juz 17,21. Anbiya,,فَجَعَلَهُمْ جُذَاذًا إِلَّا
328,328,Juz 17,21. Anbiya,,وَجَعَلْنَاهُمْ أَئِمَّةً يَهْدُونَ
329,329,Juz 17,21. Anbiya,,وَمِنَ الشَّيَاطِينِ مَنْ
330,330,Juz 17,21. Anbiya,,وَالَّتِي أَحْصَنَتْ فَرْجَهَا
331,331,Juz 17,21. Anbiya,21 Anbiya End,لَا يَسْمَعُونَ حَسِيسَهَا
332,332,Juz 17,22. Hajj,22 Hajj Start,يَاأَيُّهَا النَّاسُ اتَّقُوا
333,333,Juz 17,22. Hajj,,ذَلِكَ بِأَنَّ اللَّهَ
334,334,Juz 17,22. Hajj,,وَكَذَلِكَ أَنْزَلْنَاهُ آيَاتٍ
335,335,Juz 17,22. Hajj,,وَهُدُوا إِلَى الطَّيِّبِ
336,336,Juz 17,22. Hajj,,حُنَفَاءَ لِلَّهِ غَيْرَ
337,337,Juz 17,22. Hajj,,أُذِنَ لِلَّذِينَ يُقَاتَلُونَ
338,338,Juz 17,22. Hajj,,وَيَسْتَعْجِلُونَكَ بِالْعَذَابِ وَلَنْ
339,339,Juz 17,22. Hajj,,الْمُلْكُ يَوْمَئِذٍ لِلَّهِ
340,340,Juz 17,22. Hajj,,أَلَمْ تَرَ أَنَّ
341,341,Juz 17,22. Hajj,22 Hajj End,يَاأَيُّهَا النَّاسُ ضُرِبَ
342,342,Juz 18,23. Mu'minun,23 Mu'minun Start,قَدْ أَفْلَحَ الْمُؤْمِنُونَ
343,343,Juz 18,23. Mu'minun,,وَأَنْزَلْنَا مِنَ السَّمَاءِ
344,344,Juz 18,23. Mu'minun,,فَإِذَا اسْتَوَيْتَ أَنْتَ
345,345,Juz 18,23. Mu'minun,,مَا تَسْبِقُ مِنْ
346,346,Juz 18,23. Mu'minun,,وَالَّذِينَ يُؤْتُونَ مَا
347,347,Juz 18,23. Mu'minun,,وَلَوْ رَحِمْنَاهُمْ وَكَشَفْنَا
348,348,Juz 18,23. Mu'minun,,بَلْ أَتَيْنَاهُمْ بِالْحَقِّ
349,349,Juz 18,23. Mu'minun,23 Mu'minun End,أَلَمْ تَكُنْ آيَاتِي
350,350,Juz 18,24. Nur,24 Nur Start,سُورَةٌ أَنْزَلْنَاهَا وَفَرَضْنَاهَا
351,351,Juz 18,24. Nur,,إِنَّ الَّذِينَ جَاءُوا
352,352,Juz 18,24. Nur,,يَاأَيُّهَا الَّذِينَ آمَنُوا
353,353,Juz 18,24. Nur,,فَإِنْ لَمْ تَجِدُوا
354,354,Juz 18,24. Nur,,وَأَنْكِحُوا الْأَيَامَى مِنْكُمْ
355,355,Juz 18,24. Nur,,رِجَالٌ لَا تُلْهِيهِمْ
356,356,Juz 18,24. Nur,,يُقَلِّبُ اللَّهُ اللَّيْلَ
357,357,Juz 18,24. Nur,,قُلْ أَطِيعُوا اللَّهَ
358,358,Juz 18,24. Nur,24 Nur End,وَإِذَا بَلَغَ الْأَطْفَالُ
359,359,Juz 18,25. Furqan,25 Furqan Start,إِنَّمَا الْمُؤْمِنُونَ الَّذِينَ
360,360,Juz 18,25. Furqan,,وَاتَّخَذُوا مِنْ دُونِهِ
361,361,Juz 18,25. Furqan,,إِذَا رَأَتْهُمْ مِنْ
362,362,Juz 19,25. Furqan,,وَقَالَ الَّذِينَ لَا
363,363,Juz 19,25. Furqan,,وَلَا يَأْتُونَكَ بِمَثَلٍ
364,364,Juz 19,25. Furqan,,أَمْ تَحْسَبُ أَنَّ
365,365,Juz 19,25. Furqan,,وَمَا أَرْسَلْنَاكَ إِلَّا
366,366,Juz 19,25. Furqan,25 Furqan End,وَالَّذِينَ لَا يَدْعُونَ
367,367,Juz 19,26. Ash-Shu'ara,26 Ash-Shu'ara Start,طسم تِلْكَ آيَاتُ
368,368,Juz 19,26. Ash-Shu'ara,,قَالَ فَعَلْتُهَا إِذًا
369,369,Juz 19,26. Ash-Shu'ara,,لَعَلَّنَا نَتَّبِعُ السَّحَرَةَ
370,370,Juz 19,26. Ash-Shu'ara,,فَلَمَّا تَرَاءَى الْجَمْعَانِ
371,371,Juz 19,26. Ash-Shu'ara,,وَاجْعَلْ لِي لِسَانَ
372,372,Juz 19,26. Ash-Shu'ara,,قَالَ وَمَا عِلْمِي
373,373,Juz 19,26. Ash-Shu'ara,,إِنْ هَذَا إِلَّا
374,374,Juz 19,26. Ash-Shu'ara,,كَذَّبَتْ قَوْمُ لُوطٍ
375,375,Juz 19,26. Ash-Shu'ara,,وَاتَّقُوا الَّذِي خَلَقَكُمْ
376,376,Juz 19,26. Ash-Shu'ara,26 Ash-Shu'ara End,مَا أَغْنَى عَنْهُمْ
377,377,Juz 19,27. Naml,27 Naml Start,طس تِلْكَ آيَاتُ
378,378,Juz 19,27. Naml,,وَجَحَدُوا بِهَا وَاسْتَيْقَنَتْهَا
379,379,Juz 19,27. Naml,,إِنِّي وَجَدْتُ امْرَأَةً
380,380,Juz 19,27. Naml,,فَلَمَّا جَاءَ سُلَيْمَانَ
381,381,Juz 19,27. Naml,,وَلَقَدْ أَرْسَلْنَا إِلَى
382,382,Juz 20,27. Naml,Juz 20 Start,فَمَا كَانَ جَوَابَ
383,383,Juz 20,27. Naml,,أَمَّنْ يَبْدَأُ الْخَلْقَ
384,384,Juz 20,27. Naml,27 Naml End,وَإِنَّهُ لَهُدًى وَرَحْمَةٌ
385,385,Juz 20,28. Qasas,28 Qasas Start,مَنْ جَاءَ بِالْحَسَنَةِ
386,386,Juz 20,28. Qasas,,وَنُمَكِّنَ لَهُمْ فِي
387,387,Juz 20,28. Qasas,,وَلَمَّا بَلَغَ أَشُدَّهُ
388,388,Juz 20,28. Qasas,,وَلَمَّا تَوَجَّهَ تِلْقَاءَ
389,389,Juz 20,28. Qasas,,فَلَمَّا قَضَى مُوسَى
390,390,Juz 20,28. Qasas,,فَلَمَّا جَاءَهُمْ مُوسَى
391,391,Juz 20,28. Qasas,,وَمَا كُنْتَ بِجَانِبِ
392,392,Juz 20,28. Qasas,,وَلَقَدْ وَصَّلْنَا لَهُمُ
393,393,Juz 20,28. Qasas,,وَمَا أُوتِيتُمْ مِنْ
394,394,Juz 20,28. Qasas,,قُلْ أَرَأَيْتُمْ إِنْ
395,395,Juz 20,28. Qasas,28 Qasas End,قَالَ إِنَّمَا أُوتِيتُهُ
396,396,Juz 20,29. Ankabut,29 Ankabut Start,إِنَّ الَّذِي فَرَضَ
397,397,Juz 20,29. Ankabut,,وَالَّذِينَ آمَنُوا وَعَمِلُوا
398,398,Juz 20,29. Ankabut,,فَأَنْجَيْنَاهُ وَأَصْحَابَ السَّفِينَةِ
399,399,Juz 20,29. Ankabut,,فَمَا كَانَ جَوَابَ
400,400,Juz 20,29. Ankabut,,وَلَمَّا جَاءَتْ رُسُلُنَا
401,401,Juz 20,29. Ankabut,Juz 20 End,وَقَارُونَ وَفِرْعَوْنَ وَهَامَانَ
402,402,Juz 21,29. Ankabut,Juz 21 Start,وَلَا تُجَادِلُوا أَهْلَ
403,403,Juz 21,29. Ankabut,29 Ankabut End,وَيَسْتَعْجِلُونَكَ بِالْعَذَابِ وَلَوْلَا
404,404,Juz 21,30. Rum,30 Rum Start,وَمَا هَذِهِ الْحَيَاةُ
405,405,Juz 21,30. Rum,,وَعْدَ اللَّهِ لَا
406,406,Juz 21,30. Rum,,وَأَمَّا الَّذِينَ كَفَرُوا
407,407,Juz 21,30. Rum,,وَمِنْ آيَاتِهِ أَنْ
408,408,Juz 21,30. Rum,,وَإِذَا مَسَّ النَّاسَ
409,409,Juz 21,30. Rum,,قُلْ سِيرُوا فِي
410,410,Juz 21,30. Rum,30 Rum End,وَلَئِنْ أَرْسَلْنَا رِيحًا
411,411,Juz 21,31. Luqman,31 Luqman Start,الم تِلْكَ آيَاتُ
412,412,Juz 21,31. Luqman,,وَلَقَدْ آتَيْنَا لُقْمَانَ
413,413,Juz 21,31. Luqman,,أَلَمْ تَرَوْا أَنَّ
414,414,Juz 21,31. Luqman,31 Luqman End,أَلَمْ تَرَ أَنَّ
415,415,Juz 21,32. Sajdah,32 Sajdah Start,الم تَنْزِيلُ الْكِتَابِ
416,416,Juz 21,32. Sajdah,,وَلَوْ تَرَى إِذِ
417,417,Juz 21,32. Sajdah,32 Sajdah End,وَلَنُذِيقَنَّهُمْ مِنَ الْعَذَابِ
418,418,Juz 21,33. Ahzab,33 Ahzab Start,يَاأَيُّهَا النَّبِيُّ اتَّقِ
419,419,Juz 21,33. Ahzab,,وَإِذْ أَخَذْنَا مِنَ
420,420,Juz 21,33. Ahzab,,قُلْ لَنْ يَنْفَعَكُمُ
421,421,Juz 21,33. Ahzab,,مِنَ الْمُؤْمِنِينَ رِجَالٌ
422,422,Juz 22,33. Ahzab,,وَمَنْ يَقْنُتْ مِنْكُنَّ
423,423,Juz 22,33. Ahzab,,وَمَا كَانَ لِمُؤْمِنٍ
424,424,Juz 22,33. Ahzab,,تَحِيَّتُهُمْ يَوْمَ يَلْقَوْنَهُ
425,425,Juz 22,33. Ahzab,,تُرْجِي مَنْ تَشَاءُ
426,426,Juz 22,33. Ahzab,,لَا جُنَاحَ عَلَيْهِنَّ
427,427,Juz 22,33. Ahzab,33 Ahzab End,يَسْأَلُكَ النَّاسُ عَنِ
428,428,Juz 22,34. Saba,34 Saba Start,الْحَمْدُ لِلَّهِ الَّذِي
429,429,Juz 22,34. Saba,,أَفْتَرَى عَلَى اللَّهِ
430,430,Juz 22,34. Saba,,لَقَدْ كَانَ لِسَبَإٍ
431,431,Juz 22,34. Saba,,وَلَا تَنْفَعُ الشَّفَاعَةُ
432,432,Juz 22,34. Saba,,قَالَ الَّذِينَ اسْتَكْبَرُوا
433,433,Juz 22,34. Saba,34 Saba End,وَيَوْمَ يَحْشُرُهُمْ جَمِيعًا
434,434,Juz 22,35. Fatir,35 Fatir Start,قُلْ جَاءَ الْحَقُّ
435,435,Juz 22,35. Fatir,,وَإِنْ يُكَذِّبُوكَ فَقَدْ
436,436,Juz 22,35. Fatir,,وَمَا يَسْتَوِي الْبَحْرَانِ
437,437,Juz 22,35. Fatir,,وَمَا يَسْتَوِي الْأَعْمَى
438,438,Juz 22,35. Fatir,,وَالَّذِي أَوْحَيْنَا إِلَيْكَ
439,439,Juz 22,35. Fatir,35 Fatir End,هُوَ الَّذِي جَعَلَكُمْ
440,440,Juz 22,36. Ya-Seen,36 Ya-Seen Start,وَلَوْ يُؤَاخِذُ اللَّهُ
441,441,Juz 22,36. Ya-Seen,,وَاضْرِبْ لَهُمْ مَثَلًا
442,442,Juz 23,36. Ya-Seen,,وَمَا أَنْزَلْنَا عَلَى
443,443,Juz 23,36. Ya-Seen,,وَآيَةٌ لَهُمْ أَنَّا
444,444,Juz 23,36. Ya-Seen,,إِنَّ أَصْحَابَ الْجَنَّةِ
445,445,Juz 23,36. Ya-Seen,36 Ya-Seen End,أَوَلَمْ يَرَوْا أَنَّا
446,446,Juz 23,37. Saaffat,37 Saaffat Start,وَالصَّافَّاتِ صَفًّا فَالزَّاجِرَاتِ
447,447,Juz 23,37. Saaffat,,مَا لَكُمْ لَا
448,448,Juz 23,37. Saaffat,,يَقُولُ أَإِنَّكَ لَمِنَ
449,449,Juz 23,37. Saaffat,,وَجَعَلْنَا ذُرِّيَّتَهُ هُمُ
450,450,Juz 23,37. Saaffat,,فَلَمَّا أَسْلَمَا وَتَلَّهُ
451,451,Juz 23,37. Saaffat,,فَكَذَّبُوهُ فَإِنَّهُمْ لَمُحْضَرُونَ
452,452,Juz 23,37. Saaffat,37 Saaffat End,مَا لَكُمْ كَيْفَ
453,453,Juz 23,38. Sad,38 Sad Start,ص وَالْقُرْآنِ ذِي
454,454,Juz 23,38. Sad,,اصْبِرْ عَلَى مَا
455,455,Juz 23,38. Sad,,وَمَا خَلَقْنَا السَّمَاءَ
456,456,Juz 23,38. Sad,,وَوَهَبْنَا لَهُ أَهْلَهُ
457,457,Juz 23,38. Sad,38 Sad End,وَقَالُوا مَا لَنَا
458,458,Juz 23,39. Zumar,39 Zumar Start,قَالَ فَالْحَقُّ وَالْحَقَّ
459,459,Juz 23,39. Zumar,,خَلَقَكُمْ مِنْ نَفْسٍ
460,460,Juz 23,39. Zumar,,قُلْ إِنِّي أُمِرْتُ
461,461,Juz 23,39. Zumar,,أَفَمَنْ شَرَحَ اللَّهُ
462,462,Juz 24,39. Zumar,,فَمَنْ أَظْلَمُ مِمَّنْ
463,463,Juz 24,39. Zumar,,إِنَّا أَنْزَلْنَا عَلَيْكَ
464,464,Juz 24,39. Zumar,,وَبَدَا لَهُمْ سَيِّئَاتُ
465,465,Juz 24,39. Zumar,,أَوْ تَقُولَ لَوْ
466,466,Juz 24,39. Zumar,39 Zumar End,وَنُفِخَ فِي الصُّورِ
467,467,Juz 24,40. Ghafir,40 Ghafir Start,وَتَرَى الْمَلَائِكَةَ حَافِّينَ
468,468,Juz 24,40. Ghafir,,رَبَّنَا وَأَدْخِلْهُمْ جَنَّاتِ
469,469,Juz 24,40. Ghafir,,الْيَوْمَ تُجْزَى كُلُّ
470,470,Juz 24,40. Ghafir,,وَقَالَ فِرْعَوْنُ ذَرُونِي
471,471,Juz 24,40. Ghafir,,وَلَقَدْ جَاءَكُمْ يُوسُفُ
472,472,Juz 24,40. Ghafir,,وَيَاقَوْمِ مَا لِي
473,473,Juz 24,40. Ghafir,,قَالُوا أَوَلَمْ تَكُ
474,474,Juz 24,40. Ghafir,,إِنَّ السَّاعَةَ لَآتِيَةٌ
475,475,Juz 24,40. Ghafir,,هُوَ الَّذِي خَلَقَكُمْ
476,476,Juz 24,40. Ghafir,40 Ghafir End,وَلَقَدْ أَرْسَلْنَا رُسُلًا
477,477,Juz 24,41. Fussilat,41 Fussilat Start,حم تَنْزِيلٌ مِنَ
478,478,Juz 24,41. Fussilat,,فَقَضَاهُنَّ سَبْعَ سَمَاوَاتٍ
479,479,Juz 24,41. Fussilat,,وَقَالُوا لِجُلُودِهِمْ لِمَ
480,480,Juz 24,41. Fussilat,,إِنَّ الَّذِينَ قَالُوا
481,481,Juz 24,41. Fussilat,,وَمِنْ آيَاتِهِ أَنَّكَ
482,482,Juz 25,41. Fussilat,41 Fussilat End,إِلَيْهِ يُرَدُّ عِلْمُ
483,483,Juz 25,42. Ash-Shura,42 Ash-Shura Start,حم عسق كَذَلِكَ
484,484,Juz 25,42. Ash-Shura,,فَاطِرُ السَّمَاوَاتِ وَالْأَرْضِ
485,485,Juz 25,42. Ash-Shura,,وَالَّذِينَ يُحَاجُّونَ فِي
486,486,Juz 25,42. Ash-Shura,,ذَلِكَ الَّذِي يُبَشِّرُ
487,487,Juz 25,42. Ash-Shura,,وَمِنْ آيَاتِهِ الْجَوَارِ
488,488,Juz 25,42. Ash-Shura,42 Ash-Shura End,وَتَرَاهُمْ يُعْرَضُونَ عَلَيْهَا
489,489,Juz 25,43. Zukhruf,43 Zukhruf Start,وَكَذَلِكَ أَوْحَيْنَا إِلَيْكَ
490,490,Juz 25,43. Zukhruf,,وَالَّذِي نَزَّلَ مِنَ
491,491,Juz 25,43. Zukhruf,,وَكَذَلِكَ مَا أَرْسَلْنَا
492,492,Juz 25,43. Zukhruf,,وَلِبُيُوتِهِمْ أَبْوَابًا وَسُرُرًا
493,493,Juz 25,43. Zukhruf,,وَمَا نُرِيهِمْ مِنْ
494,494,Juz 25,43. Zukhruf,,وَإِنَّهُ لَعِلْمٌ لِلسَّاعَةِ
495,495,Juz 25,43. Zukhruf,43 Zukhruf End,إِنَّ الْمُجْرِمِينَ فِي
496,496,Juz 25,44. Dukhan,44 Dukhan Start,حم وَالْكِتَابِ الْمُبِينِ
497,497,Juz 25,44. Dukhan,,وَأَنْ لَا تَعْلُوا
498,498,Juz 25,44. Dukhan,44 Dukhan End,إِنَّ يَوْمَ الْفَصْلِ
499,499,Juz 25,45. Jathiya,45 Jathiya Start,حم تَنْزِيلُ الْكِتَابِ
500,500,Juz 25,45. Jathiya,,قُلْ لِلَّذِينَ آمَنُوا
501,501,Juz 25,45. Jathiya,45 Jathiya End,أَفَرَأَيْتَ مَنِ اتَّخَذَ
502,502,Juz 26,46. Ahqaf,46 Ahqaf Start,وَبَدَا لَهُمْ سَيِّئَاتُ
503,503,Juz 26,46. Ahqaf,,وَإِذَا حُشِرَ النَّاسُ
504,504,Juz 26,46. Ahqaf,,وَوَصَّيْنَا الْإِنْسَانَ بِوَالِدَيْهِ
505,505,Juz 26,46. Ahqaf,,وَاذْكُرْ أَخَا عَادٍ
506,506,Juz 26,46. Ahqaf,46 Ahqaf End,وَإِذْ صَرَفْنَا إِلَيْكَ
507,507,Juz 26,47. Muhammad,47 Muhammad Start,الَّذِينَ كَفَرُوا وَصَدُّوا
508,508,Juz 26,47. Muhammad,,إِنَّ اللَّهَ يُدْخِلُ
509,509,Juz 26,47. Muhammad,,وَيَقُولُ الَّذِينَ آمَنُوا
510,510,Juz 26,47. Muhammad,47 Muhammad End,وَلَوْ نَشَاءُ لَأَرَيْنَاكَهُمْ
511,511,Juz 26,48. Fath,48 Fath Start,إِنَّا فَتَحْنَا لَكَ
512,512,Juz 26,48. Fath,,إِنَّ الَّذِينَ يُبَايِعُونَكَ
513,513,Juz 26,48. Fath,,قُلْ لِلْمُخَلَّفِينَ مِنَ
514,514,Juz 26,48. Fath,48 Fath End,وَهُوَ الَّذِي كَفَّ
515,515,Juz 26,49. Hujurat,49 Hujurat Start,مُحَمَّدٌ رَسُولُ اللَّهِ
516,516,Juz 26,49. Hujurat,,وَلَوْ أَنَّهُمْ صَبَرُوا
517,517,Juz 26,49. Hujurat,49 Hujurat End,يَاأَيُّهَا الَّذِينَ آمَنُوا
518,518,Juz 26,50. Qaf,50 Qaf Start,ق وَالْقُرْآنِ الْمَجِيدِ
519,519,Juz 26,50. Qaf,50 Qaf End,وَلَقَدْ خَلَقْنَا الْإِنْسَانَ
520,520,Juz 26,51. Dhariyat,51 Dhariyat Start,وَكَمْ أَهْلَكْنَا قَبْلَهُمْ
521,521,Juz 26,51. Dhariyat,,وَالسَّمَاءِ ذَاتِ الْحُبُكِ
522,522,Juz 27,51. Dhariyat,51 Dhariyat End,قَالَ فَمَا خَطْبُكُمْ
523,523,Juz 27,52. Tur,52 Tur Start,كَذَلِكَ مَا أَتَى
524,524,Juz 27,52. Tur,,أَفَسِحْرٌ هَذَا أَمْ
525,525,Juz 27,52. Tur,52 Tur End,أَمْ تَأْمُرُهُمْ أَحْلَامُهُمْ
526,526,Juz 27,53. Najm,53 Najm Start,وَالنَّجْمِ إِذَا هَوَى
527,527,Juz 27,53. Najm,53 Najm End,إِنَّ الَّذِينَ لَا
528,528,Juz 27,54. Qamar,54 Qamar Start,وَأَنَّهُ خَلَقَ الزَّوْجَيْنِ
529,529,Juz 27,54. Qamar,,خُشَّعًا أَبْصَارُهُمْ يَخْرُجُونَ
530,530,Juz 27,54. Qamar,54 Qamar End,وَنَبِّئْهُمْ أَنَّ الْمَاءَ
531,531,Juz 27,55. Ar-Rahman,55 Ar-Rahman Start,وَمَا أَمْرُنَا إِلَّا
532,532,Juz 27,55. Ar-Rahman,,مَرَجَ الْبَحْرَيْنِ يَلْتَقِيَانِ
533,533,Juz 27,55. Ar-Rahman,55 Ar-Rahman End,فَبِأَيِّ آلَاءِ رَبِّكُمَا
534,534,Juz 27,56. Waqi'ah,56 Waqi'ah Start,فِيهِنَّ خَيْرَاتٌ حِسَانٌ
535,535,Juz 27,56. Waqi'ah,,يَطُوفُ عَلَيْهِمْ وِلْدَانٌ
536,536,Juz 27,56. Waqi'ah,56 Waqi'ah End,ثُمَّ إِنَّكُمْ أَيُّهَا
537,537,Juz 27,57. Hadid,57 Hadid Start,إِنَّهُ لَقُرْآنٌ كَرِيمٌ
538,538,Juz 27,57. Hadid,,هُوَ الَّذِي خَلَقَ
539,539,Juz 27,57. Hadid,,يَوْمَ تَرَى الْمُؤْمِنِينَ
540,540,Juz 27,57. Hadid,,وَالَّذِينَ آمَنُوا بِاللَّهِ
541,541,Juz 27,57. Hadid,57 Hadid End,لَقَدْ أَرْسَلْنَا رُسُلَنَا
542,542,Juz 28,58. Mujadila,58 Mujadila Start,قَدْ سَمِعَ اللَّهُ
543,543,Juz 28,58. Mujadila,,أَلَمْ تَرَ أَنَّ
544,544,Juz 28,58. Mujadila,58 Mujadila End,يَاأَيُّهَا الَّذِينَ آمَنُوا
545,545,Juz 28,59. Hashr,59 Hashr Start,لَا تَجِدُ قَوْمًا
546,546,Juz 28,59. Hashr,,ذَلِكَ بِأَنَّهُمْ شَاقُّوا
547,547,Juz 28,59. Hashr,,وَالَّذِينَ جَاءُوا مِنْ
548,548,Juz 28,59. Hashr,59 Hashr End,فَكَانَ عَاقِبَتَهُمَا أَنَّهُمَا
549,549,Juz 28,60. Mumtahana,60 Mumtahana Start,يَاأَيُّهَا الَّذِينَ آمَنُوا
550,550,Juz 28,60. Mumtahana,60 Mumtahana End,لَقَدْ كَانَ لَكُمْ
551,551,Juz 28,61. Saf,61 Saf Start,يَاأَيُّهَا النَّبِيُّ إِذَا
552,552,Juz 28,61. Saf,61 Saf End,وَإِذْ قَالَ عِيسَى
553,553,Juz 28,62. Jumu'ah,62 Jumu'ah Start,يُسَبِّحُ لِلَّهِ مَا
554,554,Juz 28,63. Munafiqun,63 Munafiqun Start,يَاأَيُّهَا الَّذِينَ آمَنُوا
555,555,Juz 28,63. Munafiqun,63 Munafiqun End,وَإِذَا قِيلَ لَهُمْ
556,556,Juz 28,64. Taghabun,64 Taghabun Start,يُسَبِّحُ لِلَّهِ مَا
557,557,Juz 28,64. Taghabun,64 Taghabun End,وَالَّذِينَ كَفَرُوا وَكَذَّبُوا
558,558,Juz 28,65. Talaq,65 Talaq Start,يَاأَيُّهَا النَّبِيُّ إِذَا
559,559,Juz 28,65. Talaq,65 Talaq End,أَسْكِنُوهُنَّ مِنْ حَيْثُ
560,560,Juz 28,66. Tahrim,66 Tahrim Start,يَاأَيُّهَا النَّبِيُّ لِمَ
561,561,Juz 28,66. Tahrim,66 Tahrim End,يَاأَيُّهَا الَّذِينَ آمَنُوا
562,562,Juz 29,67. Mulk,67 Mulk Start,تَبَارَكَ الَّذِي بِيَدِهِ
563,563,Juz 29,67. Mulk,67 Mulk End,وَأَسِرُّوا قَوْلَكُمْ أَوِ
564,564,Juz 29,68. Qalam,68 Qalam Start,فَلَمَّا رَأَوْهُ زُلْفَةً
565,565,Juz 29,68. Qalam,68 Qalam End,إِنَّا بَلَوْنَاهُمْ كَمَا
566,566,Juz 29,69. Haqqah,69 Haqqah Start,خَاشِعَةً أَبْصَارُهُمْ تَرْهَقُهُمْ
567,567,Juz 29,69. Haqqah,69 Haqqah End,وَجَاءَ فِرْعَوْنُ وَمَنْ
568,568,Juz 29,70. Ma'arij,70 Ma'arij Start,وَلَا طَعَامٌ إِلَّا
569,569,Juz 29,70. Ma'arij,70 Ma'arij End,يُبَصَّرُونَهُمْ يَوَدُّ الْمُجْرِمُ
570,570,Juz 29,71. Nuh,71 Nuh Start,عَلَى أَنْ نُبَدِّلَ
571,571,Juz 29,71. Nuh,71 Nuh End,يُرْسِلِ السَّمَاءَ عَلَيْكُمْ
572,572,Juz 29,72. Jinn,72 Jinn Start,قُلْ أُوحِيَ إِلَيَّ
573,573,Juz 29,72. Jinn,72 Jinn End,وَأَنَّا مِنَّا الْمُسْلِمُونَ
574,574,Juz 29,73. Muzzammil,73 Muzzammil Start,يَاأَيُّهَا الْمُزَّمِّلُ قُمِ
575,575,Juz 29,74. Muddaththir,74 Muddaththir Start,إِنَّ رَبَّكَ يَعْلَمُ
576,576,Juz 29,74. Muddaththir,74 Muddaththir End,فَقُتِلَ كَيْفَ قَدَّرَ
577,577,Juz 29,75. Qiyamah,75 Qiyamah Start,فَمَا تَنْفَعُهُمْ شَفَاعَةُ
578,578,Juz 29,76. Insan,76 Insan Start,كَلَّا بَلْ تُحِبُّونَ
579,579,Juz 29,76. Insan,76 Insan End,عَيْنًا يَشْرَبُ بِهَا
580,580,Juz 29,77. Mursalat,77 Mursalat Start,وَمِنَ اللَّيْلِ فَاسْجُدْ
581,581,Juz 29,77. Mursalat,77 Mursalat End,أَلَمْ نَخْلُقْكُمْ مِنْ
582,582,Juz 30,78. Naba,78 Naba Start,عَمَّ يَتَسَاءَلُونَ عَنِ
583,583,Juz 30,79. Nazi'at,79 Nazi'at Start,إِنَّ لِلْمُتَّقِينَ مَفَازًا
584,584,Juz 30,79. Nazi'at,79 Nazi'at End,اذْهَبْ إِلَى فِرْعَوْنَ
585,585,Juz 30,80. Abasa,80 Abasa Start,عَبَسَ وَتَوَلَّى أَنْ
586,586,Juz 30,81. Takwir,81 Takwir Start,تَرْهَقُهَا قَتَرَةٌ أُولَئِكَ
587,587,Juz 30,82. Infitar,82 Infitar Start,إِذَا السَّمَاءُ انْفَطَرَتْ
588,588,Juz 30,83. Mutaffifin,83 Mutaffifin Start,لِيَوْمٍ عَظِيمٍ يَوْمَ
589,589,Juz 30,84. Inshiqaq,84 Inshiqaq Start,فَالْيَوْمَ الَّذِينَ آمَنُوا
590,590,Juz 30,85. Buruj,85 Buruj Start,إِلَّا الَّذِينَ آمَنُوا
591,591,Juz 30,86. Tariq,86 Tariq Start,وَالسَّمَاءِ وَالطَّارِقِ وَمَا
592,592,Juz 30,88. Ghashiyah,88 Ghashiyah Start,وَيَتَجَنَّبُهَا الْأَشْقَى الَّذِي
593,593,Juz 30,89. Fajr,89 Fajr Start,إِلَّا مَنْ تَوَلَّى
594,594,Juz 30,90. Balad,90 Balad Start,وَجِيءَ يَوْمَئِذٍ بِجَهَنَّمَ
595,595,Juz 30,91. Shams,91 Shams Start,وَالَّذِينَ كَفَرُوا بِآيَاتِنَا
596,596,Juz 30,93. Dhuhaa,93 Dhuhaa Start,فَسَنُيَسِّرُهُ لِلْعُسْرَى وَمَا
597,597,Juz 30,95. Tin,95 Tin Start,الَّذِي أَنْقَضَ ظَهْرَكَ
598,598,Juz 30,97. Qadr,97 Qadr Start,أَرَأَيْتَ إِنْ كَذَّبَ
599,599,Juz 30,99. Zalzalah,99 Zalzalah Start,إِنَّ الَّذِينَ كَفَرُوا
600,600,Juz 30,101. Qari'ah,101 Qari'ah Start,إِنَّ الْإِنْسَانَ لِرَبِّهِ
601,601,Juz 30,103. Asr,103 Asr Start,وَالْعَصْرِ إِنَّ الْإِنْسَانَ
602,602,Juz 30,106. Quraysh,106 Quraysh Start,لِإِيلَافِ قُرَيْشٍ إِيلَافِهِمْ
603,603,Juz 30,109. Kafirun,109 Kafirun Start,قُلْ يَاأَيُّهَا الْكَافِرُونَ
604,604,Juz 30,112. Ikhlas,112 Ikhlas Start,قُلْ هُوَ اللَّهُ
