item_type,title,start_text,page_id,surah_id,start_line,end_line,part_number
page,"1 Fatihah Juz 1 Start","الْحَمْدُ لِلَّهِ رَبِّ",1,1,2,8,
page,"2 Baqarah Start","الم ذَلِكَ الْكِتَابُ",2,2,3,8,
page,"3 Baqarah P2","إِنَّ الَّذِينَ كَفَرُوا",3,2,1,15,
page,"4 Baqarah P3","مَثَلُهُمْ كَمَثَلِ الَّذِي",4,2,1,15,
page,"5 Baqarah P4","وَبَشِّرِ الَّذِينَ آمَنُوا",5,2,1,15,
page,"6 Baqarah P5","وَإِذْ قَالَ رَبُّكَ",6,2,1,15,
page,"7 Baqarah P6","قُلْنَا اهْبِطُوا مِنْهَا",7,2,1,15,
page,"8 Baqarah P7","وَإِذْ نَجَّيْنَاكُمْ مِنْ",8,2,1,15,
page,"9 Baqarah P8","وَإِذْ قُلْنَا ادْخُلُوا",9,2,1,15,
page,"10 Baqarah P9","إِنَّ الَّذِينَ آمَنُوا",10,2,1,15,
page,"11 Baqarah P10","قَالُوا ادْعُ لَنَا",11,2,1,15,
page,"12 Baqarah P11","أَوَلَا يَعْلَمُونَ أَنَّ",12,2,1,15,
page,"13 Baqarah P12","وَإِذْ أَخَذْنَا مِيثَاقَكُمْ",13,2,1,15,
page,"14 Baqarah P13","وَلَمَّا جَاءَهُمْ كِتَابٌ",14,2,1,15,
page,"15 Baqarah P14","قُلْ إِنْ كَانَتْ",15,2,1,15,
page,"16 Baqarah P15","وَاتَّبَعُوا مَا تَتْلُو",16,2,1,15,
page,"17 Baqarah P16","مَا نَنْسَخْ مِنْ",17,2,1,15,
page,"18 Baqarah P17","وَقَالَتِ الْيَهُودُ لَيْسَتِ",18,2,1,15,
page,"19 Baqarah P18","وَلَنْ تَرْضَى عَنْكَ",19,2,1,15,
page,"20 Baqarah P19","وَإِذْ يَرْفَعُ إِبْرَاهِيمُ",20,2,1,15,
page,"21 Baqarah Juz 1 End","وَقَالُوا كُونُوا هُودًا",21,2,1,15,
page,"22 Baqarah Juz 2 Start","سَيَقُولُ السُّفَهَاءُ مِنَ",22,2,1,15,
page,"23 Baqarah P22","الَّذِينَ آتَيْنَاهُمُ الْكِتَابَ",23,2,1,15,
page,"24 Baqarah P23","وَلَا تَقُولُوا لِمَنْ",24,2,1,15,
page,"25 Baqarah P24","إِنَّ فِي خَلْقِ",25,2,1,15,
page,"26 Baqarah P25","وَإِذَا قِيلَ لَهُمُ",26,2,1,15,
page,"27 Baqarah P26","لَيْسَ الْبِرَّ أَنْ",27,2,1,15,
page,"28 Baqarah P27","فَمَنْ خَافَ مِنْ",28,2,1,15,
page,"29 Baqarah P28","أُحِلَّ لَكُمْ لَيْلَةَ",29,2,1,15,
page,"30 Baqarah P29","وَاقْتُلُوهُمْ حَيْثُ ثَقِفْتُمُوهُمْ",30,2,1,15,
page,"31 Baqarah P30","الْحَجُّ أَشْهُرٌ مَعْلُومَاتٌ",31,2,1,15,
page,"32 Baqarah P31","وَاذْكُرُوا اللَّهَ فِي",32,2,1,15,
page,"33 Baqarah P32","سَلْ بَنِي إِسْرَائِيلَ",33,2,1,15,
page,"34 Baqarah P33","كُتِبَ عَلَيْكُمُ الْقِتَالُ",34,2,1,15,
page,"35 Baqarah P34","فِي الدُّنْيَا وَالْآخِرَةِ",35,2,1,15,
page,"36 Baqarah P35","لَا يُؤَاخِذُكُمُ اللَّهُ",36,2,1,15,
page,"37 Baqarah P36","وَإِذَا طَلَّقْتُمُ النِّسَاءَ",37,2,1,15,
page,"38 Baqarah P37","وَالَّذِينَ يُتَوَفَّوْنَ مِنْكُمْ",38,2,1,15,
page,"39 Baqarah P38","حَافِظُوا عَلَى الصَّلَوَاتِ",39,2,1,15,
page,"40 Baqarah P39","أَلَمْ تَرَ إِلَى",40,2,1,15,
page,"41 Baqarah Juz 2 End","فَلَمَّا فَصَلَ طَالُوتُ",41,2,1,15,
page,"42 Baqarah Juz 3 Start","تِلْكَ الرُّسُلُ فَضَّلْنَا",42,2,1,15,
page,"43 Baqarah P42","اللَّهُ وَلِيُّ الَّذِينَ",43,2,1,15,
page,"44 Baqarah P43","وَإِذْ قَالَ إِبْرَاهِيمُ",44,2,1,15,
page,"45 Baqarah P44","وَمَثَلُ الَّذِينَ يُنْفِقُونَ",45,2,1,15,
page,"46 Baqarah P45","وَمَا أَنْفَقْتُمْ مِنْ",46,2,1,15,
page,"47 Baqarah P46","الَّذِينَ يَأْكُلُونَ الرِّبَا",47,2,1,15,
page,"48 Baqarah P47","يَاأَيُّهَا الَّذِينَ آمَنُوا",48,2,1,15,
page,"49 Baqarah End","وَإِنْ كُنْتُمْ عَلَى",49,2,1,15,
page,"50 Ali 'Imran Start","الم اللَّهُ لَا",50,3,3,15,
page,"51 Ali 'Imran P2","إِنَّ الَّذِينَ كَفَرُوا",51,3,1,15,
page,"52 Ali 'Imran P3","الَّذِينَ يَقُولُونَ رَبَّنَا",52,3,1,15,
page,"53 Ali 'Imran P4","أَلَمْ تَرَ إِلَى",53,3,1,15,
page,"54 Ali 'Imran P5","يَوْمَ تَجِدُ كُلُّ",54,3,1,15,
page,"55 Ali 'Imran P6","هُنَالِكَ دَعَا زَكَرِيَّا",55,3,1,15,
page,"56 Ali 'Imran P7","وَيُكَلِّمُ النَّاسَ فِي",56,3,1,15,
page,"57 Ali 'Imran P8","رَبَّنَا آمَنَّا بِمَا",57,3,1,15,
page,"58 Ali 'Imran P9","إِنَّ هَذَا لَهُوَ",58,3,1,15,
page,"59 Ali 'Imran P10","يَاأَهْلَ الْكِتَابِ لِمَ",59,3,1,15,
page,"60 Ali 'Imran P11","وَإِنَّ مِنْهُمْ لَفَرِيقًا",60,3,1,15,
page,"61 Ali 'Imran Juz 3 End","قُلْ آمَنَّا بِاللَّهِ",61,3,1,15,
page,"62 Ali 'Imran Juz 4 Start","لَنْ تَنَالُوا الْبِرَّ",62,3,1,15,
page,"63 Ali 'Imran P14","وَكَيْفَ تَكْفُرُونَ وَأَنْتُمْ",63,3,1,15,
page,"64 Ali 'Imran P15","وَلِلَّهِ مَا فِي",64,3,1,15,
page,"65 Ali 'Imran P16","إِنَّ الَّذِينَ كَفَرُوا",65,3,1,15,
page,"66 Ali 'Imran P17","إِذْ هَمَّتْ طَائِفَتَانِ",66,3,1,15,
page,"67 Ali 'Imran P18","وَسَارِعُوا إِلَى مَغْفِرَةٍ",67,3,1,15,
page,"68 Ali 'Imran P19","وَلِيُمَحِّصَ اللَّهُ الَّذِينَ",68,3,1,15,
page,"69 Ali 'Imran P20","يَاأَيُّهَا الَّذِينَ آمَنُوا",69,3,1,15,
page,"70 Ali 'Imran P21","ثُمَّ أَنْزَلَ عَلَيْكُمْ",70,3,1,15,
page,"71 Ali 'Imran P22","وَلَئِنْ مُتُّمْ أَوْ",71,3,1,15,
page,"72 Ali 'Imran P23","وَمَا أَصَابَكُمْ يَوْمَ",72,3,1,15,
page,"73 Ali 'Imran P24","فَانْقَلَبُوا بِنِعْمَةٍ مِنَ",73,3,1,15,
page,"74 Ali 'Imran P25","لَقَدْ سَمِعَ اللَّهُ",74,3,1,15,
page,"75 Ali 'Imran P26","وَإِذْ أَخَذَ اللَّهُ",75,3,1,15,
page,"76 Ali 'Imran End","فَاسْتَجَابَ لَهُمْ رَبُّهُمْ",76,3,1,15,
page,"77 Nisa Start","يَاأَيُّهَا النَّاسُ اتَّقُوا",77,4,3,15,
page,"78 Nisa P2","لِلرِّجَالِ نَصِيبٌ مِمَّا",78,4,1,15,
page,"79 Nisa P3","وَلَكُمْ نِصْفُ مَا",79,4,1,15,
page,"80 Nisa P4","وَاللَّاتِي يَأْتِينَ الْفَاحِشَةَ",80,4,1,15,
page,"81 Nisa Juz 4 End","وَإِنْ أَرَدْتُمُ اسْتِبْدَالَ",81,4,1,15,
page,"82 Nisa Juz 5 Start","وَالْمُحْصَنَاتُ مِنَ النِّسَاءِ",82,4,1,15,
page,"83 Nisa P7","وَاللَّهُ يُرِيدُ أَنْ",83,4,1,15,
page,"84 Nisa P8","الرِّجَالُ قَوَّامُونَ عَلَى",84,4,1,15,
page,"85 Nisa P9","وَالَّذِينَ يُنْفِقُونَ أَمْوَالَهُمْ",85,4,1,15,
page,"86 Nisa P10","وَاللَّهُ أَعْلَمُ بِأَعْدَائِكُمْ",86,4,1,15,
page,"87 Nisa P11","أُولَئِكَ الَّذِينَ لَعَنَهُمُ",87,4,1,15,
page,"88 Nisa P12","أَلَمْ تَرَ إِلَى",88,4,1,15,
page,"89 Nisa P13","وَلَوْ أَنَّا كَتَبْنَا",89,4,1,15,
page,"90 Nisa P14","وَمَا لَكُمْ لَا",90,4,1,15,
page,"91 Nisa P15","مَنْ يُطِعِ الرَّسُولَ",91,4,1,15,
page,"92 Nisa P16","اللَّهُ لَا إِلَهَ",92,4,1,15,
page,"93 Nisa P17","وَمَا كَانَ لِمُؤْمِنٍ",93,4,1,15,
page,"94 Nisa P18","لَا يَسْتَوِي الْقَاعِدُونَ",94,4,1,15,
page,"95 Nisa P19","وَإِذَا كُنْتَ فِيهِمْ",95,4,1,15,
page,"96 Nisa P20","وَاسْتَغْفِرِ اللَّهَ إِنَّ",96,4,1,15,
page,"97 Nisa P21","لَا خَيْرَ فِي",97,4,1,15,
page,"98 Nisa P22","وَالَّذِينَ آمَنُوا وَعَمِلُوا",98,4,1,15,
page,"99 Nisa P23","وَإِنِ امْرَأَةٌ خَافَتْ",99,4,1,15,
page,"100 Nisa P24","يَاأَيُّهَا الَّذِينَ آمَنُوا",100,4,1,15,
page,"101 Nisa Juz 5 End","الَّذِينَ يَتَرَبَّصُونَ بِكُمْ",101,4,1,15,
page,"102 Nisa Juz 6 Start","لَا يُحِبُّ اللَّهُ",102,4,1,15,
page,"103 Nisa P27","فَبِمَا نَقْضِهِمْ مِيثَاقَهُمْ",103,4,1,15,
page,"104 Nisa P28","إِنَّا أَوْحَيْنَا إِلَيْكَ",104,4,1,15,
page,"105 Nisa P29","يَاأَهْلَ الْكِتَابِ لَا",105,4,1,15,
page,"Item 106","يَسْتَفْتُونَكَ قُلِ اللَّهُ",106,4,1,5,
partial_page,"106 Nisa End","يَسْتَفْتُونَكَ قُلِ اللَّهُ",106,4,1,5,1
partial_page,"106 Maidah Start","يَاأَيُّهَا الَّذِينَ آمَنُوا",106,5,8,15,2
page,"107 Maidah P2","حُرِّمَتْ عَلَيْكُمُ الْمَيْتَةُ",107,5,1,15,
page,"108 Maidah P3","يَاأَيُّهَا الَّذِينَ آمَنُوا",108,5,1,15,
page,"109 Maidah P4","وَالَّذِينَ كَفَرُوا وَكَذَّبُوا",109,5,1,15,
page,"110 Maidah P5","وَمِنَ الَّذِينَ قَالُوا",110,5,1,15,
page,"111 Maidah P6","وَقَالَتِ الْيَهُودُ وَالنَّصَارَى",111,5,1,15,
page,"112 Maidah P7","قَالُوا يَامُوسَى إِنَّا",112,5,1,15,
page,"113 Maidah P8","مِنْ أَجْلِ ذَلِكَ",113,5,1,15,
page,"114 Maidah P9","يُرِيدُونَ أَنْ يَخْرُجُوا",114,5,1,15,
page,"115 Maidah P10","سَمَّاعُونَ لِلْكَذِبِ أَكَّالُونَ",115,5,1,15,
page,"116 Maidah P11","وَقَفَّيْنَا عَلَى آثَارِهِمْ",116,5,1,15,
page,"117 Maidah P12","يَاأَيُّهَا الَّذِينَ آمَنُوا",117,5,1,15,
page,"118 Maidah P13","وَإِذَا نَادَيْتُمْ إِلَى",118,5,1,15,
page,"119 Maidah P14","وَلَوْ أَنَّ أَهْلَ",119,5,1,15,
page,"120 Maidah P15","وَحَسِبُوا أَلَّا تَكُونَ",120,5,1,15,
page,"121 Maidah Juz 6 End","لُعِنَ الَّذِينَ كَفَرُوا",121,5,1,15,
page,"122 Maidah Juz 7 Start","وَمَا لَنَا لَا",122,5,1,15,
page,"123 Maidah P18","إِنَّمَا يُرِيدُ الشَّيْطَانُ",123,5,1,15,
page,"124 Maidah P19","أُحِلَّ لَكُمْ صَيْدُ",124,5,1,15,
page,"125 Maidah P20","وَإِذَا قِيلَ لَهُمْ",125,5,1,15,
page,"126 Maidah P21","يَوْمَ يَجْمَعُ اللَّهُ",126,5,1,15,
page,"127 Maidah End","قَالَ عِيسَى ابْنُ",127,5,1,15,
page,"128 Anam Start","الْحَمْدُ لِلَّهِ الَّذِي",128,6,3,15,
page,"129 Anam P2","وَلَوْ جَعَلْنَاهُ مَلَكًا",129,6,1,15,
page,"130 Anam P3","قُلْ أَيُّ شَيْءٍ",130,6,1,15,
page,"131 Anam P4","بَلْ بَدَا لَهُمْ",131,6,1,15,
page,"132 Anam P5","إِنَّمَا يَسْتَجِيبُ الَّذِينَ",132,6,1,15,
page,"133 Anam P6","فَقُطِعَ دَابِرُ الْقَوْمِ",133,6,1,15,
page,"134 Anam P7","وَكَذَلِكَ فَتَنَّا بَعْضَهُمْ",134,6,1,15,
page,"135 Anam P8","وَهُوَ الَّذِي يَتَوَفَّاكُمْ",135,6,1,15,
page,"136 Anam P9","وَمَا عَلَى الَّذِينَ",136,6,1,15,
page,"137 Anam P10","وَإِذْ قَالَ إِبْرَاهِيمُ",137,6,1,15,
page,"138 Anam P11","الَّذِينَ آمَنُوا وَلَمْ",138,6,1,15,
page,"139 Anam P12","وَمَا قَدَرُوا اللَّهَ",139,6,1,15,
page,"140 Anam P13","إِنَّ اللَّهَ فَالِقُ",140,6,1,15,
page,"141 Anam Juz 7 End","ذَلِكُمُ اللَّهُ رَبُّكُمْ",141,6,1,15,
page,"142 Anam Juz 8 Start","وَلَوْ أَنَّنَا نَزَّلْنَا",142,6,1,15,
page,"143 Anam P16","وَمَا لَكُمْ أَلَّا",143,6,1,15,
page,"144 Anam P17","فَمَنْ يُرِدِ اللَّهُ",144,6,1,15,
page,"145 Anam P18","ذَلِكَ أَنْ لَمْ",145,6,1,15,
page,"146 Anam P19","وَقَالُوا هَذِهِ أَنْعَامٌ",146,6,1,15,
page,"147 Anam P20","ثَمَانِيَةَ أَزْوَاجٍ مِنَ",147,6,1,15,
page,"148 Anam P21","فَإِنْ كَذَّبُوكَ فَقُلْ",148,6,1,15,
page,"149 Anam P22","وَلَا تَقْرَبُوا مَالَ",149,6,1,15,
page,"150 Anam End","هَلْ يَنْظُرُونَ إِلَّا",150,6,1,15,
page,"151 Araf Start","المص كِتَابٌ أُنْزِلَ",151,7,3,15,
page,"152 Araf P2","قَالَ مَا مَنَعَكَ",152,7,1,15,
page,"153 Araf P3","قَالَا رَبَّنَا ظَلَمْنَا",153,7,1,15,
page,"154 Araf P4","يَابَنِي آدَمَ خُذُوا",154,7,1,15,
page,"155 Araf P5","قَالَ ادْخُلُوا فِي",155,7,1,15,
page,"156 Araf P6","وَنَادَى أَصْحَابُ الْجَنَّةِ",156,7,1,15,
page,"157 Araf P7","وَلَقَدْ جِئْنَاهُمْ بِكِتَابٍ",157,7,1,15,
page,"158 Araf P8","وَالْبَلَدُ الطَّيِّبُ يَخْرُجُ",158,7,1,15,
page,"159 Araf P9","أُبَلِّغُكُمْ رِسَالَاتِ رَبِّي",159,7,1,15,
page,"160 Araf P10","وَاذْكُرُوا إِذْ جَعَلَكُمْ",160,7,1,15,
page,"161 Araf Juz 8 End","وَمَا كَانَ جَوَابَ",161,7,1,15,
page,"162 Araf Juz 9 Start","قَالَ الْمَلَأُ الَّذِينَ",162,7,1,15,
page,"163 Araf P13","وَلَوْ أَنَّ أَهْلَ",163,7,1,15,
page,"164 Araf P14","حَقِيقٌ عَلَى أَنْ",164,7,1,15,
page,"165 Araf P15","قَالُوا آمَنَّا بِرَبِّ",165,7,1,15,
page,"166 Araf P16","فَإِذَا جَاءَتْهُمُ الْحَسَنَةُ",166,7,1,15,
page,"167 Araf P17","وَجَاوَزْنَا بِبَنِي إِسْرَائِيلَ",167,7,1,15,
page,"168 Araf P18","قَالَ يَامُوسَى إِنِّي",168,7,1,15,
page,"169 Araf P19","وَلَمَّا رَجَعَ مُوسَى",169,7,1,15,
page,"170 Araf P20","وَاكْتُبْ لَنَا فِي",170,7,1,15,
page,"171 Araf P21","وَقَطَّعْنَاهُمُ اثْنَتَيْ عَشْرَةَ",171,7,1,15,
page,"172 Araf P22","وَإِذْ قَالَتْ أُمَّةٌ",172,7,1,15,
page,"173 Araf P23","وَإِذْ نَتَقْنَا الْجَبَلَ",173,7,1,15,
page,"174 Araf P24","وَلَقَدْ ذَرَأْنَا لِجَهَنَّمَ",174,7,1,15,
page,"175 Araf P25","قُلْ لَا أَمْلِكُ",175,7,1,15,
page,"176 Araf End","إِنَّ وَلِيِّيَ اللَّهُ",176,7,1,15,
page,"177 Anfal Start","يَسْأَلُونَكَ عَنِ الْأَنْفَالِ",177,8,3,15,
page,"178 Anfal P2","إِذْ تَسْتَغِيثُونَ رَبَّكُمْ",178,8,1,15,
page,"179 Anfal P3","فَلَمْ تَقْتُلُوهُمْ وَلَكِنَّ",179,8,1,15,
page,"180 Anfal P4","وَاذْكُرُوا إِذْ أَنْتُمْ",180,8,1,15,
page,"181 Anfal Juz 9 End","وَمَا لَهُمْ أَلَّا",181,8,1,15,
page,"182 Anfal Juz 10 Start","وَاعْلَمُوا أَنَّمَا غَنِمْتُمْ",182,8,1,15,
page,"183 Anfal P7","وَأَطِيعُوا اللَّهَ وَرَسُولَهُ",183,8,1,15,
page,"184 Anfal P8","ذَلِكَ بِأَنَّ اللَّهَ",184,8,1,15,
page,"185 Anfal P9","وَإِنْ يُرِيدُوا أَنْ",185,8,1,15,
page,"186 Anfal End","يَاأَيُّهَا النَّبِيُّ قُلْ",186,8,1,15,
page,"187 Tawbah Start","بَرَاءَةٌ مِنَ اللَّهِ",187,9,2,15,
page,"188 Tawbah P2","كَيْفَ يَكُونُ لِلْمُشْرِكِينَ",188,9,1,15,
page,"189 Tawbah P3","قَاتِلُوهُمْ يُعَذِّبْهُمُ اللَّهُ",189,9,1,15,
page,"190 Tawbah P4","يُبَشِّرُهُمْ رَبُّهُمْ بِرَحْمَةٍ",190,9,1,15,
page,"191 Tawbah P5","ثُمَّ يَتُوبُ اللَّهُ",191,9,1,15,
page,"192 Tawbah P6","يُرِيدُونَ أَنْ يُطْفِئُوا",192,9,1,15,
page,"193 Tawbah P7","إِنَّمَا النَّسِيءُ زِيَادَةٌ",193,9,1,15,
page,"194 Tawbah P8","انْفِرُوا خِفَافًا وَثِقَالًا",194,9,1,15,
page,"195 Tawbah P9","لَقَدِ ابْتَغَوُا الْفِتْنَةَ",195,9,1,15,
page,"196 Tawbah P10","فَلَا تُعْجِبْكَ أَمْوَالُهُمْ",196,9,1,15,
page,"197 Tawbah P11","يَحْلِفُونَ بِاللَّهِ لَكُمْ",197,9,1,15,
page,"198 Tawbah P12","كَالَّذِينَ مِنْ قَبْلِكُمْ",198,9,1,15,
page,"199 Tawbah P13","يَاأَيُّهَا النَّبِيُّ جَاهِدِ",199,9,1,15,
page,"200 Tawbah P14","اسْتَغْفِرْ لَهُمْ أَوْ",200,9,1,15,
page,"201 Tawbah Juz 10 End","رَضُوا بِأَنْ يَكُونُوا",201,9,1,15,
page,"202 Tawbah Juz 11 Start","يَعْتَذِرُونَ إِلَيْكُمْ إِذَا",202,9,1,15,
page,"203 Tawbah P17","وَالسَّابِقُونَ الْأَوَّلُونَ مِنَ",203,9,1,15,
page,"204 Tawbah P18","وَالَّذِينَ اتَّخَذُوا مَسْجِدًا",204,9,1,15,
page,"205 Tawbah P19","التَّائِبُونَ الْعَابِدُونَ الْحَامِدُونَ",205,9,1,15,
page,"206 Tawbah P20","وَعَلَى الثَّلَاثَةِ الَّذِينَ",206,9,1,15,
page,"207 Tawbah End","يَاأَيُّهَا الَّذِينَ آمَنُوا",207,9,1,15,
page,"208 Yunus Start","الر تِلْكَ آيَاتُ",208,10,3,15,
page,"209 Yunus P2","إِنَّ الَّذِينَ لَا",209,10,1,15,
page,"210 Yunus P3","وَإِذَا تُتْلَى عَلَيْهِمْ",210,10,1,15,
page,"211 Yunus P4","وَإِذَا أَذَقْنَا النَّاسَ",211,10,1,15,
page,"212 Yunus P5","لِلَّذِينَ أَحْسَنُوا الْحُسْنَى",212,10,1,15,
page,"213 Yunus P6","قُلْ هَلْ مِنْ",213,10,1,15,
page,"214 Yunus P7","وَمِنْهُمْ مَنْ يَنْظُرُ",214,10,1,15,
page,"215 Yunus P8","وَلَوْ أَنَّ لِكُلِّ",215,10,1,15,
page,"216 Yunus P9","أَلَا إِنَّ أَوْلِيَاءَ",216,10,1,15,
page,"217 Yunus P10","وَاتْلُ عَلَيْهِمْ نَبَأَ",217,10,1,15,
page,"218 Yunus P11","وَقَالَ فِرْعَوْنُ ائْتُونِي",218,10,1,15,
page,"219 Yunus P12","قَالَ قَدْ أُجِيبَتْ",219,10,1,15,
page,"220 Yunus P13","فَلَوْلَا كَانَتْ قَرْيَةٌ",220,10,1,15,
page,"Item 223","وَإِنْ يَمْسَسْكَ اللَّهُ",221,10,1,6,
partial_page,"221 Yunus End","وَإِنْ يَمْسَسْكَ اللَّهُ",221,10,1,6,1
partial_page,"221 Hud Juz 11 End","الر كِتَابٌ أُحْكِمَتْ",221,11,9,15,2
page,"222 Hud Juz 12 Start","وَمَا مِنْ دَابَّةٍ",222,11,1,15,
page,"223 Hud P3","أَمْ يَقُولُونَ افْتَرَاهُ",223,11,1,15,
page,"224 Hud P4","أُولَئِكَ لَمْ يَكُونُوا",224,11,1,15,
page,"225 Hud P5","وَيَاقَوْمِ لَا أَسْأَلُكُمْ",225,11,1,15,
page,"226 Hud P6","وَيَصْنَعُ الْفُلْكَ وَكُلَّمَا",226,11,1,15,
page,"227 Hud P7","قَالَ يَانُوحُ إِنَّهُ",227,11,1,15,
page,"228 Hud P8","إِنْ نَقُولُ إِلَّا",228,11,1,15,
page,"229 Hud P9","قَالَ يَاقَوْمِ أَرَأَيْتُمْ",229,11,1,15,
page,"230 Hud P10","قَالَتْ يَاوَيْلَتَى أَأَلِدُ",230,11,1,15,
page,"231 Hud P11","فَلَمَّا جَاءَ أَمْرُنَا",231,11,1,15,
page,"232 Hud P12","وَيَاقَوْمِ لَا يَجْرِمَنَّكُمْ",232,11,1,15,
page,"233 Hud P13","يَقْدُمُ قَوْمَهُ يَوْمَ",233,11,1,15,
page,"234 Hud P14","فَلَا تَكُ فِي",234,11,1,15,
page,"Item 239","وَلَوْ شَاءَ رَبُّكَ",235,11,1,8,
partial_page,"235 Hud End","وَلَوْ شَاءَ رَبُّكَ",235,11,1,8,1
partial_page,"235 Yusuf Start","الر تِلْكَ آيَاتُ",235,12,11,15,2
page,"236 Yusuf P2","قَالَ يَابُنَيَّ لَا",236,12,1,15,
page,"237 Yusuf P3","فَلَمَّا ذَهَبُوا بِهِ",237,12,1,15,
page,"238 Yusuf P4","وَرَاوَدَتْهُ الَّتِي هُوَ",238,12,1,15,
page,"239 Yusuf P5","فَلَمَّا سَمِعَتْ بِمَكْرِهِنَّ",239,12,1,15,
page,"240 Yusuf P6","وَاتَّبَعْتُ مِلَّةَ آبَائِي",240,12,1,15,
page,"241 Yusuf Juz 12 End","قَالُوا أَضْغَاثُ أَحْلَامٍ",241,12,1,15,
page,"242 Yusuf Juz 13 Start","وَمَا أُبَرِّئُ نَفْسِي",242,12,1,15,
page,"243 Yusuf P9","قَالَ هَلْ آمَنُكُمْ",243,12,1,15,
page,"244 Yusuf P10","فَلَمَّا جَهَّزَهُمْ بِجَهَازِهِمْ",244,12,1,15,
page,"245 Yusuf P11","قَالَ مَعَاذَ اللَّهِ",245,12,1,15,
page,"246 Yusuf P12","يَابَنِيَّ اذْهَبُوا فَتَحَسَّسُوا",246,12,1,15,
page,"247 Yusuf P13","فَلَمَّا أَنْ جَاءَ",247,12,1,15,
page,"248 Yusuf End","وَمَا تَسْأَلُهُمْ عَلَيْهِ",248,12,1,15,
page,"249 Ra'd Start","المر تِلْكَ آيَاتُ",249,13,3,15,
page,"250 Ra'd P2","وَيَسْتَعْجِلُونَكَ بِالسَّيِّئَةِ قَبْلَ",250,13,1,15,
page,"251 Ra'd P3","لَهُ دَعْوَةُ الْحَقِّ",251,13,1,15,
page,"252 Ra'd P4","أَفَمَنْ يَعْلَمُ أَنَّمَا",252,13,1,15,
page,"253 Ra'd P5","الَّذِينَ آمَنُوا وَعَمِلُوا",253,13,1,15,
page,"254 Ra'd P6","مَثَلُ الْجَنَّةِ الَّتِي",254,13,1,15,
page,"Item 261","وَيَقُولُ الَّذِينَ كَفَرُوا",255,13,1,2,
partial_page,"255 Ra'd End","وَيَقُولُ الَّذِينَ كَفَرُوا",255,13,1,2,1
partial_page,"255 Ibrahim Start","الر كِتَابٌ أَنْزَلْنَاهُ",255,14,5,15,2
page,"256 Ibrahim P2","وَإِذْ قَالَ مُوسَى",256,14,1,15,
page,"257 Ibrahim P3","قَالَتْ لَهُمْ رُسُلُهُمْ",257,14,1,15,
page,"258 Ibrahim P4","أَلَمْ تَرَ أَنَّ",258,14,1,15,
page,"259 Ibrahim P5","تُؤْتِي أُكُلَهَا كُلَّ",259,14,1,15,
page,"260 Ibrahim P6","وَآتَاكُمْ مِنْ كُلِّ",260,14,1,15,
page,"261 Ibrahim Juz 13 End","مُهْطِعِينَ مُقْنِعِي رُءُوسِهِمْ",261,14,1,15,
page,"262 Hijr Juz 14 Start","الر تِلْكَ آيَاتُ",262,15,3,15,
page,"263 Hijr P2","وَلَقَدْ جَعَلْنَا فِي",263,15,1,15,
page,"264 Hijr P3","قَالَ يَاإِبْلِيسُ مَا",264,15,1,15,
page,"265 Hijr P4","إِذْ دَخَلُوا عَلَيْهِ",265,15,1,15,
page,"266 Hijr P5","قَالَ هَؤُلَاءِ بَنَاتِي",266,15,1,15,
page,"Item 275","الَّذِينَ جَعَلُوا الْقُرْآنَ",267,15,1,6,
partial_page,"267 Hijr End","الَّذِينَ جَعَلُوا الْقُرْآنَ",267,15,1,6,1
partial_page,"267 Nahl Start","أَتَى أَمْرُ اللَّهِ",267,16,9,15,2
page,"268 Nahl P2","وَتَحْمِلُ أَثْقَالَكُمْ إِلَى",268,16,1,15,
page,"269 Nahl P3","وَأَلْقَى فِي الْأَرْضِ",269,16,1,15,
page,"270 Nahl P4","ثُمَّ يَوْمَ الْقِيَامَةِ",270,16,1,15,
page,"271 Nahl P5","وَقَالَ الَّذِينَ أَشْرَكُوا",271,16,1,15,
page,"272 Nahl P6","وَمَا أَرْسَلْنَا مِنْ",272,16,1,15,
page,"273 Nahl P7","لِيَكْفُرُوا بِمَا آتَيْنَاهُمْ",273,16,1,15,
page,"274 Nahl P8","وَاللَّهُ أَنْزَلَ مِنَ",274,16,1,15,
page,"275 Nahl P9","وَيَعْبُدُونَ مِنْ دُونِ",275,16,1,15,
page,"276 Nahl P10","وَاللَّهُ جَعَلَ لَكُمْ",276,16,1,15,
page,"277 Nahl P11","الَّذِينَ كَفَرُوا وَصَدُّوا",277,16,1,15,
page,"278 Nahl P12","وَلَا تَتَّخِذُوا أَيْمَانَكُمْ",278,16,1,15,
page,"279 Nahl P13","وَلَقَدْ نَعْلَمُ أَنَّهُمْ",279,16,1,15,
page,"280 Nahl P14","يَوْمَ تَأْتِي كُلُّ",280,16,1,15,
page,"281 Nahl Juz 14 End","ثُمَّ إِنَّ رَبَّكَ",281,16,1,15,
page,"282 Isra Juz 15 Start","سُبْحَانَ الَّذِي أَسْرَى",282,17,3,15,
page,"283 Isra P2","عَسَى رَبُّكُمْ أَنْ",283,17,1,15,
page,"284 Isra P3","مَنْ كَانَ يُرِيدُ",284,17,1,15,
page,"285 Isra P4","وَإِمَّا تُعْرِضَنَّ عَنْهُمُ",285,17,1,15,
page,"286 Isra P5","ذَلِكَ مِمَّا أَوْحَى",286,17,1,15,
page,"287 Isra P6","قُلْ كُونُوا حِجَارَةً",287,17,1,15,
page,"288 Isra P7","وَمَا مَنَعَنَا أَنْ",288,17,1,15,
page,"289 Isra P8","وَإِذَا مَسَّكُمُ الضُّرُّ",289,17,1,15,
page,"290 Isra P9","وَإِنْ كَادُوا لَيَسْتَفِزُّونَكَ",290,17,1,15,
page,"291 Isra P10","إِلَّا رَحْمَةً مِنْ",291,17,1,15,
page,"292 Isra P11","وَمَنْ يَهْدِ اللَّهُ",292,17,1,15,
page,"Item 303","وَبِالْحَقِّ أَنْزَلْنَاهُ وَبِالْحَقِّ",293,17,1,9,
partial_page,"293 Isra End","وَبِالْحَقِّ أَنْزَلْنَاهُ وَبِالْحَقِّ",293,17,1,9,1
partial_page,"293 Kahf Start","الْحَمْدُ لِلَّهِ الَّذِي",293,18,12,15,2
page,"294 Kahf P2","مَا لَهُمْ بِهِ",294,18,1,15,
page,"295 Kahf P3","وَإِذِ اعْتَزَلْتُمُوهُمْ وَمَا",295,18,1,15,
page,"296 Kahf P4","وَكَذَلِكَ أَعْثَرْنَا عَلَيْهِمْ",296,18,1,15,
page,"297 Kahf P5","وَاصْبِرْ نَفْسَكَ مَعَ",297,18,1,15,
page,"298 Kahf P6","وَدَخَلَ جَنَّتَهُ وَهُوَ",298,18,1,15,
page,"299 Kahf P7","الْمَالُ وَالْبَنُونَ زِينَةُ",299,18,1,15,
page,"300 Kahf P8","وَلَقَدْ صَرَّفْنَا فِي",300,18,1,15,
page,"301 Kahf Juz 15 End","فَلَمَّا جَاوَزَا قَالَ",301,18,1,15,
page,"302 Kahf Juz 16 Start","قَالَ أَلَمْ أَقُلْ",302,18,1,15,
page,"303 Kahf P11","إِنَّا مَكَّنَّا لَهُ",303,18,1,15,
page,"304 Kahf End","قَالَ هَذَا رَحْمَةٌ",304,18,1,15,
page,"305 Maryam Start","كهيعص ذِكْرُ رَحْمَتِ",305,19,3,15,
page,"306 Maryam P2","يَايَحْيَى خُذِ الْكِتَابَ",306,19,1,15,
page,"307 Maryam P3","فَكُلِي وَاشْرَبِي وَقَرِّي",307,19,1,15,
page,"308 Maryam P4","وَأَنْذِرْهُمْ يَوْمَ الْحَسْرَةِ",308,19,1,15,
page,"309 Maryam P5","وَنَادَيْنَاهُ مِنْ جَانِبِ",309,19,1,15,
page,"310 Maryam P6","رَبُّ السَّمَاوَاتِ وَالْأَرْضِ",310,19,1,15,
page,"311 Maryam P7","أَفَرَأَيْتَ الَّذِي كَفَرَ",311,19,1,15,
page,"Item 324","إِنَّ الَّذِينَ آمَنُوا",312,19,1,4,
partial_page,"312 Maryam End","إِنَّ الَّذِينَ آمَنُوا",312,19,1,4,1
partial_page,"312 Taha Start","طه مَا أَنْزَلْنَا",312,20,7,15,2
page,"313 Taha P2","وَأَنَا اخْتَرْتُكَ فَاسْتَمِعْ",313,20,1,15,
page,"314 Taha P3","إِذْ أَوْحَيْنَا إِلَى",314,20,1,15,
page,"315 Taha P4","قَالَ عِلْمُهَا عِنْدَ",315,20,1,15,
page,"316 Taha P5","قَالُوا يَامُوسَى إِمَّا",316,20,1,15,
page,"317 Taha P6","وَلَقَدْ أَوْحَيْنَا إِلَى",317,20,1,15,
page,"318 Taha P7","فَأَخْرَجَ لَهُمْ عِجْلًا",318,20,1,15,
page,"319 Taha P8","كَذَلِكَ نَقُصُّ عَلَيْكَ",319,20,1,15,
page,"320 Taha P9","فَتَعَالَى اللَّهُ الْمَلِكُ",320,20,1,15,
page,"321 Taha Juz 16 End","قَالَ كَذَلِكَ أَتَتْكَ",321,20,1,15,
page,"322 Anbiya Juz 17 Start","اقْتَرَبَ لِلنَّاسِ حِسَابُهُمْ",322,21,3,15,
page,"323 Anbiya P2","وَكَمْ قَصَمْنَا مِنْ",323,21,1,15,
page,"324 Anbiya P3","وَمَا أَرْسَلْنَا مِنْ",324,21,1,15,
page,"325 Anbiya P4","وَإِذَا رَآكَ الَّذِينَ",325,21,1,15,
page,"326 Anbiya P5","قُلْ إِنَّمَا أُنْذِرُكُمْ",326,21,1,15,
page,"327 Anbiya P6","فَجَعَلَهُمْ جُذَاذًا إِلَّا",327,21,1,15,
page,"328 Anbiya P7","وَجَعَلْنَاهُمْ أَئِمَّةً يَهْدُونَ",328,21,1,15,
page,"329 Anbiya P8","وَمِنَ الشَّيَاطِينِ مَنْ",329,21,1,15,
page,"330 Anbiya P9","وَالَّتِي أَحْصَنَتْ فَرْجَهَا",330,21,1,15,
page,"331 Anbiya End","لَا يَسْمَعُونَ حَسِيسَهَا",331,21,1,15,
page,"332 Hajj Start","يَاأَيُّهَا النَّاسُ اتَّقُوا",332,22,3,15,
page,"333 Hajj P2","ذَلِكَ بِأَنَّ اللَّهَ",333,22,1,15,
page,"334 Hajj P3","وَكَذَلِكَ أَنْزَلْنَاهُ آيَاتٍ",334,22,1,15,
page,"335 Hajj P4","وَهُدُوا إِلَى الطَّيِّبِ",335,22,1,15,
page,"336 Hajj P5","حُنَفَاءَ لِلَّهِ غَيْرَ",336,22,1,15,
page,"337 Hajj P6","أُذِنَ لِلَّذِينَ يُقَاتَلُونَ",337,22,1,15,
page,"338 Hajj P7","وَيَسْتَعْجِلُونَكَ بِالْعَذَابِ وَلَنْ",338,22,1,15,
page,"339 Hajj P8","الْمُلْكُ يَوْمَئِذٍ لِلَّهِ",339,22,1,15,
page,"340 Hajj P9","أَلَمْ تَرَ أَنَّ",340,22,1,15,
page,"341 Hajj End","يَاأَيُّهَا النَّاسُ ضُرِبَ",341,22,1,15,
page,"342 Mu'minun Juz 18 Start","قَدْ أَفْلَحَ الْمُؤْمِنُونَ",342,23,3,15,
page,"343 Mu'minun P2","وَأَنْزَلْنَا مِنَ السَّمَاءِ",343,23,1,15,
page,"344 Mu'minun P3","فَإِذَا اسْتَوَيْتَ أَنْتَ",344,23,1,15,
page,"345 Mu'minun P4","مَا تَسْبِقُ مِنْ",345,23,1,15,
page,"346 Mu'minun P5","وَالَّذِينَ يُؤْتُونَ مَا",346,23,1,15,
page,"347 Mu'minun P6","وَلَوْ رَحِمْنَاهُمْ وَكَشَفْنَا",347,23,1,15,
page,"348 Mu'minun P7","بَلْ أَتَيْنَاهُمْ بِالْحَقِّ",348,23,1,15,
page,"349 Mu'minun End","أَلَمْ تَكُنْ آيَاتِي",349,23,1,15,
page,"350 Nur Start","سُورَةٌ أَنْزَلْنَاهَا وَفَرَضْنَاهَا",350,24,3,15,
page,"351 Nur P2","إِنَّ الَّذِينَ جَاءُوا",351,24,1,15,
page,"352 Nur P3","يَاأَيُّهَا الَّذِينَ آمَنُوا",352,24,1,15,
page,"353 Nur P4","فَإِنْ لَمْ تَجِدُوا",353,24,1,15,
page,"354 Nur P5","وَأَنْكِحُوا الْأَيَامَى مِنْكُمْ",354,24,1,15,
page,"355 Nur P6","رِجَالٌ لَا تُلْهِيهِمْ",355,24,1,15,
page,"356 Nur P7","يُقَلِّبُ اللَّهُ اللَّيْلَ",356,24,1,15,
page,"357 Nur P8","قُلْ أَطِيعُوا اللَّهَ",357,24,1,15,
page,"358 Nur P9","وَإِذَا بَلَغَ الْأَطْفَالُ",358,24,1,15,
page,"Item 373","إِنَّمَا الْمُؤْمِنُونَ الَّذِينَ",359,24,1,10,
partial_page,"359 Nur End","إِنَّمَا الْمُؤْمِنُونَ الَّذِينَ",359,24,1,10,1
partial_page,"359 Furqan Start","تَبَارَكَ الَّذِي نَزَّلَ",359,25,13,15,2
page,"360 Furqan P2","وَاتَّخَذُوا مِنْ دُونِهِ",360,25,1,15,
page,"361 Furqan Juz 18 End","إِذَا رَأَتْهُمْ مِنْ",361,25,1,15,
page,"362 Furqan Juz 19 Start","وَقَالَ الَّذِينَ لَا",362,25,1,15,
page,"363 Furqan P5","وَلَا يَأْتُونَكَ بِمَثَلٍ",363,25,1,15,
page,"364 Furqan P6","أَمْ تَحْسَبُ أَنَّ",364,25,1,15,
page,"365 Furqan P7","وَمَا أَرْسَلْنَاكَ إِلَّا",365,25,1,15,
page,"366 Furqan End","وَالَّذِينَ لَا يَدْعُونَ",366,25,1,15,
page,"367 Shu'ara Start","طسم تِلْكَ آيَاتُ",367,26,3,15,
page,"368 Shu'ara P2","قَالَ فَعَلْتُهَا إِذًا",368,26,1,15,
page,"369 Shu'ara P3","لَعَلَّنَا نَتَّبِعُ السَّحَرَةَ",369,26,1,15,
page,"370 Shu'ara P4","فَلَمَّا تَرَاءَى الْجَمْعَانِ",370,26,1,15,
page,"371 Shu'ara P5","وَاجْعَلْ لِي لِسَانَ",371,26,1,15,
page,"372 Shu'ara P6","قَالَ وَمَا عِلْمِي",372,26,1,15,
page,"373 Shu'ara P7","إِنْ هَذَا إِلَّا",373,26,1,15,
page,"374 Shu'ara P8","كَذَّبَتْ قَوْمُ لُوطٍ",374,26,1,15,
page,"375 Shu'ara P9","وَاتَّقُوا الَّذِي خَلَقَكُمْ",375,26,1,15,
page,"376 Shu'ara End","مَا أَغْنَى عَنْهُمْ",376,26,1,15,
page,"377 Naml Start","طس تِلْكَ آيَاتُ",377,27,3,15,
page,"378 Naml P2","وَجَحَدُوا بِهَا وَاسْتَيْقَنَتْهَا",378,27,1,15,
page,"379 Naml P3","إِنِّي وَجَدْتُ امْرَأَةً",379,27,1,15,
page,"380 Naml P4","فَلَمَّا جَاءَ سُلَيْمَانَ",380,27,1,15,
page,"381 Naml Juz 19 End","وَلَقَدْ أَرْسَلْنَا إِلَى",381,27,1,15,
page,"382 Naml Juz 20 Start","فَمَا كَانَ جَوَابَ",382,27,1,15,
page,"383 Naml P7","أَمَّنْ يَبْدَأُ الْخَلْقَ",383,27,1,15,
page,"384 Naml P8","وَإِنَّهُ لَهُدًى وَرَحْمَةٌ",384,27,1,15,
page,"Item 401","مَنْ جَاءَ بِالْحَسَنَةِ",385,27,1,7,
partial_page,"385 Naml End","مَنْ جَاءَ بِالْحَسَنَةِ",385,27,1,7,1
partial_page,"385 Qasas Start","طسم تِلْكَ آيَاتُ",385,28,10,15,2
page,"386 Qasas P2","وَنُمَكِّنَ لَهُمْ فِي",386,28,1,15,
page,"387 Qasas P3","وَلَمَّا بَلَغَ أَشُدَّهُ",387,28,1,15,
page,"388 Qasas P4","وَلَمَّا تَوَجَّهَ تِلْقَاءَ",388,28,1,15,
page,"389 Qasas P5","فَلَمَّا قَضَى مُوسَى",389,28,1,15,
page,"390 Qasas P6","فَلَمَّا جَاءَهُمْ مُوسَى",390,28,1,15,
page,"391 Qasas P7","وَمَا كُنْتَ بِجَانِبِ",391,28,1,15,
page,"392 Qasas P8","وَلَقَدْ وَصَّلْنَا لَهُمُ",392,28,1,15,
page,"393 Qasas P9","وَمَا أُوتِيتُمْ مِنْ",393,28,1,15,
page,"394 Qasas P10","قُلْ أَرَأَيْتُمْ إِنْ",394,28,1,15,
page,"395 Qasas P11","قَالَ إِنَّمَا أُوتِيتُهُ",395,28,1,15,
page,"Item 414","إِنَّ الَّذِي فَرَضَ",396,28,1,7,
partial_page,"396 Qasas End","إِنَّ الَّذِي فَرَضَ",396,28,1,7,1
partial_page,"396 Ankabut Start","الم أَحَسِبَ النَّاسُ",396,29,10,15,2
page,"397 Ankabut P2","وَالَّذِينَ آمَنُوا وَعَمِلُوا",397,29,1,15,
page,"398 Ankabut P3","فَأَنْجَيْنَاهُ وَأَصْحَابَ السَّفِينَةِ",398,29,1,15,
page,"399 Ankabut P4","فَمَا كَانَ جَوَابَ",399,29,1,15,
page,"400 Ankabut P5","وَلَمَّا جَاءَتْ رُسُلُنَا",400,29,1,15,
page,"401 Ankabut Juz 20 End","وَقَارُونَ وَفِرْعَوْنَ وَهَامَانَ",401,29,1,15,
page,"402 Ankabut Juz 21 Start","وَلَا تُجَادِلُوا أَهْلَ",402,29,1,15,
page,"403 Ankabut P8","وَيَسْتَعْجِلُونَكَ بِالْعَذَابِ وَلَوْلَا",403,29,1,15,
page,"Item 424","وَمَا هَذِهِ الْحَيَاةُ",404,29,1,9,
partial_page,"404 Ankabut End","وَمَا هَذِهِ الْحَيَاةُ",404,29,1,9,1
partial_page,"404 Rum Start","الم غُلِبَتِ الرُّومُ",404,30,12,15,2
page,"405 Rum P2","وَعْدَ اللَّهِ لَا",405,30,1,15,
page,"406 Rum P3","وَأَمَّا الَّذِينَ كَفَرُوا",406,30,1,15,
page,"407 Rum P4","وَمِنْ آيَاتِهِ أَنْ",407,30,1,15,
page,"408 Rum P5","وَإِذَا مَسَّ النَّاسَ",408,30,1,15,
page,"409 Rum P6","قُلْ سِيرُوا فِي",409,30,1,15,
page,"410 Rum End","وَلَئِنْ أَرْسَلْنَا رِيحًا",410,30,1,15,
page,"411 Luqman Start","الم تِلْكَ آيَاتُ",411,31,3,15,
page,"412 Luqman P2","وَلَقَدْ آتَيْنَا لُقْمَانَ",412,31,1,15,
page,"413 Luqman P3","أَلَمْ تَرَوْا أَنَّ",413,31,1,15,
page,"414 Luqman End","أَلَمْ تَرَ أَنَّ",414,31,1,15,
page,"415 Sajdah Start","الم تَنْزِيلُ الْكِتَابِ",415,32,3,15,
page,"416 Sajdah P2","وَلَوْ تَرَى إِذِ",416,32,1,15,
page,"417 Sajdah End","وَلَنُذِيقَنَّهُمْ مِنَ الْعَذَابِ",417,32,1,15,
page,"418 Ahzab Start","يَاأَيُّهَا النَّبِيُّ اتَّقِ",418,33,3,15,
page,"419 Ahzab P2","وَإِذْ أَخَذْنَا مِنَ",419,33,1,15,
page,"420 Ahzab P3","قُلْ لَنْ يَنْفَعَكُمُ",420,33,1,15,
page,"421 Ahzab Juz 21 End","مِنَ الْمُؤْمِنِينَ رِجَالٌ",421,33,1,15,
page,"422 Ahzab Juz 22 Start","وَمَنْ يَقْنُتْ مِنْكُنَّ",422,33,1,15,
page,"423 Ahzab P6","وَمَا كَانَ لِمُؤْمِنٍ",423,33,1,15,
page,"424 Ahzab P7","تَحِيَّتُهُمْ يَوْمَ يَلْقَوْنَهُ",424,33,1,15,
page,"425 Ahzab P8","تُرْجِي مَنْ تَشَاءُ",425,33,1,15,
page,"426 Ahzab P9","لَا جُنَاحَ عَلَيْهِنَّ",426,33,1,15,
page,"427 Ahzab End","يَسْأَلُكَ النَّاسُ عَنِ",427,33,1,15,
page,"428 Saba Start","الْحَمْدُ لِلَّهِ الَّذِي",428,34,3,15,
page,"429 Saba P2","أَفْتَرَى عَلَى اللَّهِ",429,34,1,15,
page,"430 Saba P3","لَقَدْ كَانَ لِسَبَإٍ",430,34,1,15,
page,"431 Saba P4","وَلَا تَنْفَعُ الشَّفَاعَةُ",431,34,1,15,
page,"432 Saba P5","قَالَ الَّذِينَ اسْتَكْبَرُوا",432,34,1,15,
page,"433 Saba P6","وَيَوْمَ يَحْشُرُهُمْ جَمِيعًا",433,34,1,15,
page,"Item 456","قُلْ جَاءَ الْحَقُّ",434,34,1,7,
partial_page,"434 Saba End","قُلْ جَاءَ الْحَقُّ",434,34,1,7,1
partial_page,"434 Fatir Start","الْحَمْدُ لِلَّهِ فَاطِرِ",434,35,10,15,2
page,"435 Fatir P2","وَإِنْ يُكَذِّبُوكَ فَقَدْ",435,35,1,15,
page,"436 Fatir P3","وَمَا يَسْتَوِي الْبَحْرَانِ",436,35,1,15,
page,"437 Fatir P4","وَمَا يَسْتَوِي الْأَعْمَى",437,35,1,15,
page,"438 Fatir P5","وَالَّذِي أَوْحَيْنَا إِلَيْكَ",438,35,1,15,
page,"439 Fatir P6","هُوَ الَّذِي جَعَلَكُمْ",439,35,1,15,
page,"Item 464","وَلَوْ يُؤَاخِذُ اللَّهُ",440,35,1,3,
partial_page,"440 Fatir End","وَلَوْ يُؤَاخِذُ اللَّهُ",440,35,1,3,1
partial_page,"440 Yasin Start","يس وَالْقُرْآنِ الْحَكِيمِ",440,36,6,15,2
page,"441 Yasin Juz 22 End","وَاضْرِبْ لَهُمْ مَثَلًا",441,36,1,15,
page,"442 Yasin Juz 23 Start","وَمَا أَنْزَلْنَا عَلَى",442,36,1,15,
page,"443 Yasin P4","وَآيَةٌ لَهُمْ أَنَّا",443,36,1,15,
page,"444 Yasin P5","إِنَّ أَصْحَابَ الْجَنَّةِ",444,36,1,15,
page,"445 Yasin End","أَوَلَمْ يَرَوْا أَنَّا",445,36,1,15,
page,"446 Saffat Start","وَالصَّافَّاتِ صَفًّا فَالزَّاجِرَاتِ",446,37,3,15,
page,"447 Saffat P2","مَا لَكُمْ لَا",447,37,1,15,
page,"448 Saffat P3","يَقُولُ أَإِنَّكَ لَمِنَ",448,37,1,15,
page,"449 Saffat P4","وَجَعَلْنَا ذُرِّيَّتَهُ هُمُ",449,37,1,15,
page,"450 Saffat P5","فَلَمَّا أَسْلَمَا وَتَلَّهُ",450,37,1,15,
page,"451 Saffat P6","فَكَذَّبُوهُ فَإِنَّهُمْ لَمُحْضَرُونَ",451,37,1,15,
page,"452 Saffat End","مَا لَكُمْ كَيْفَ",452,37,1,15,
page,"453 Sad Start","ص وَالْقُرْآنِ ذِي",453,38,3,15,
page,"454 Sad P2","اصْبِرْ عَلَى مَا",454,38,1,15,
page,"455 Sad P3","وَمَا خَلَقْنَا السَّمَاءَ",455,38,1,15,
page,"456 Sad P4","وَوَهَبْنَا لَهُ أَهْلَهُ",456,38,1,15,
page,"457 Sad P5","وَقَالُوا مَا لَنَا",457,38,1,15,
page,"Item 484","قَالَ فَالْحَقُّ وَالْحَقَّ",458,38,1,3,
partial_page,"458 Sad End","قَالَ فَالْحَقُّ وَالْحَقَّ",458,38,1,3,1
partial_page,"458 Zumar Start","تَنْزِيلُ الْكِتَابِ مِنَ",458,39,6,15,2
page,"459 Zumar P2","خَلَقَكُمْ مِنْ نَفْسٍ",459,39,1,15,
page,"460 Zumar P3","قُلْ إِنِّي أُمِرْتُ",460,39,1,15,
page,"461 Zumar Juz 23 End","أَفَمَنْ شَرَحَ اللَّهُ",461,39,1,15,
page,"462 Zumar Juz 24 Start","فَمَنْ أَظْلَمُ مِمَّنْ",462,39,1,15,
page,"463 Zumar P6","إِنَّا أَنْزَلْنَا عَلَيْكَ",463,39,1,15,
page,"464 Zumar P7","وَبَدَا لَهُمْ سَيِّئَاتُ",464,39,1,15,
page,"465 Zumar P8","أَوْ تَقُولَ لَوْ",465,39,1,15,
page,"466 Zumar P9","وَنُفِخَ فِي الصُّورِ",466,39,1,15,
page,"Item 495","وَتَرَى الْمَلَائِكَةَ حَافِّينَ",467,39,1,2,
partial_page,"467 Zumar End","وَتَرَى الْمَلَائِكَةَ حَافِّينَ",467,39,1,2,1
partial_page,"467 Ghafir Start","حم تَنْزِيلُ الْكِتَابِ",467,40,5,15,2
page,"468 Ghafir P2","رَبَّنَا وَأَدْخِلْهُمْ جَنَّاتِ",468,40,1,15,
page,"469 Ghafir P3","الْيَوْمَ تُجْزَى كُلُّ",469,40,1,15,
page,"470 Ghafir P4","وَقَالَ فِرْعَوْنُ ذَرُونِي",470,40,1,15,
page,"471 Ghafir P5","وَلَقَدْ جَاءَكُمْ يُوسُفُ",471,40,1,15,
page,"472 Ghafir P6","وَيَاقَوْمِ مَا لِي",472,40,1,15,
page,"473 Ghafir P7","قَالُوا أَوَلَمْ تَكُ",473,40,1,15,
page,"474 Ghafir P8","إِنَّ السَّاعَةَ لَآتِيَةٌ",474,40,1,15,
page,"475 Ghafir P9","هُوَ الَّذِي خَلَقَكُمْ",475,40,1,15,
page,"476 Ghafir End","وَلَقَدْ أَرْسَلْنَا رُسُلًا",476,40,1,15,
page,"477 Fussilat Start","حم تَنْزِيلٌ مِنَ",477,41,3,15,
page,"478 Fussilat P2","فَقَضَاهُنَّ سَبْعَ سَمَاوَاتٍ",478,41,1,15,
page,"479 Fussilat P3","وَقَالُوا لِجُلُودِهِمْ لِمَ",479,41,1,15,
page,"480 Fussilat P4","إِنَّ الَّذِينَ قَالُوا",480,41,1,15,
page,"481 Fussilat Juz 24 End","وَمِنْ آيَاتِهِ أَنَّكَ",481,41,1,15,
page,"482 Fussilat Juz 25 Start","إِلَيْهِ يُرَدُّ عِلْمُ",482,41,1,15,
page,"483 Shuraa Start","حم عسق كَذَلِكَ",483,42,3,15,
page,"484 Shuraa P2","فَاطِرُ السَّمَاوَاتِ وَالْأَرْضِ",484,42,1,15,
page,"485 Shuraa P3","وَالَّذِينَ يُحَاجُّونَ فِي",485,42,1,15,
page,"486 Shuraa P4","ذَلِكَ الَّذِي يُبَشِّرُ",486,42,1,15,
page,"487 Shuraa P5","وَمِنْ آيَاتِهِ الْجَوَارِ",487,42,1,15,
page,"488 Shuraa P6","وَتَرَاهُمْ يُعْرَضُونَ عَلَيْهَا",488,42,1,15,
page,"Item 519","وَكَذَلِكَ أَوْحَيْنَا إِلَيْكَ",489,42,1,4,
partial_page,"489 Shuraa End","وَكَذَلِكَ أَوْحَيْنَا إِلَيْكَ",489,42,1,4,1
partial_page,"489 Zukhruf Start","حم وَالْكِتَابِ الْمُبِينِ",489,43,7,15,2
page,"490 Zukhruf P2","وَالَّذِي نَزَّلَ مِنَ",490,43,1,15,
page,"491 Zukhruf P3","وَكَذَلِكَ مَا أَرْسَلْنَا",491,43,1,15,
page,"492 Zukhruf P4","وَلِبُيُوتِهِمْ أَبْوَابًا وَسُرُرًا",492,43,1,15,
page,"493 Zukhruf P5","وَمَا نُرِيهِمْ مِنْ",493,43,1,15,
page,"494 Zukhruf P6","وَإِنَّهُ لَعِلْمٌ لِلسَّاعَةِ",494,43,1,15,
page,"495 Zukhruf End","إِنَّ الْمُجْرِمِينَ فِي",495,43,1,15,
page,"496 Dukhan Start","حم وَالْكِتَابِ الْمُبِينِ",496,44,3,15,
page,"497 Dukhan P2","وَأَنْ لَا تَعْلُوا",497,44,1,15,
page,"498 Dukhan End","إِنَّ يَوْمَ الْفَصْلِ",498,44,1,15,
page,"499 Jathiyah Start","حم تَنْزِيلُ الْكِتَابِ",499,45,3,15,
page,"500 Jathiyah P2","قُلْ لِلَّذِينَ آمَنُوا",500,45,1,15,
page,"501 Jathiyah Juz 25 End","أَفَرَأَيْتَ مَنِ اتَّخَذَ",501,45,1,15,
page,"Item 534","وَبَدَا لَهُمْ سَيِّئَاتُ",502,45,1,6,
partial_page,"502 Jathiyah  End Juz 26 Start","وَبَدَا لَهُمْ سَيِّئَاتُ",502,45,1,6,1
partial_page,"502 Ahqaf Start","حم تَنْزِيلُ الْكِتَابِ",502,46,9,15,2
page,"503 Ahqaf P2","وَإِذَا حُشِرَ النَّاسُ",503,46,1,15,
page,"504 Ahqaf P3","وَوَصَّيْنَا الْإِنْسَانَ بِوَالِدَيْهِ",504,46,1,15,
page,"505 Ahqaf P4","وَاذْكُرْ أَخَا عَادٍ",505,46,1,15,
page,"506 Ahqaf End","وَإِذْ صَرَفْنَا إِلَيْكَ",506,46,1,15,
page,"507 Muhammad Start","الَّذِينَ كَفَرُوا وَصَدُّوا",507,47,3,15,
page,"508 Muhammad P2","إِنَّ اللَّهَ يُدْخِلُ",508,47,1,15,
page,"509 Muhammad P3","وَيَقُولُ الَّذِينَ آمَنُوا",509,47,1,15,
page,"510 Muhammad End","وَلَوْ نَشَاءُ لَأَرَيْنَاكَهُمْ",510,47,1,15,
page,"511 Fath Start","إِنَّا فَتَحْنَا لَكَ",511,48,3,15,
page,"512 Fath P2","إِنَّ الَّذِينَ يُبَايِعُونَكَ",512,48,1,15,
page,"513 Fath P3","قُلْ لِلْمُخَلَّفِينَ مِنَ",513,48,1,15,
page,"514 Fath P4","وَهُوَ الَّذِي كَفَّ",514,48,1,15,
page,"Item 549","مُحَمَّدٌ رَسُولُ اللَّهِ",515,48,1,6,
partial_page,"515 Fath End","مُحَمَّدٌ رَسُولُ اللَّهِ",515,48,1,6,1
partial_page,"515 Hujurat Start","يَاأَيُّهَا الَّذِينَ آمَنُوا",515,49,9,15,2
page,"516 Hujurat P2","وَلَوْ أَنَّهُمْ صَبَرُوا",516,49,1,15,
page,"517 Hujurat End","يَاأَيُّهَا الَّذِينَ آمَنُوا",517,49,1,15,
page,"518 Qaf Start","ق وَالْقُرْآنِ الْمَجِيدِ",518,50,3,15,
page,"519 Qaf P2","وَلَقَدْ خَلَقْنَا الْإِنْسَانَ",519,50,1,15,
page,"Item 556","وَكَمْ أَهْلَكْنَا قَبْلَهُمْ",520,50,1,11,
partial_page,"520 Qaf End","وَكَمْ أَهْلَكْنَا قَبْلَهُمْ",520,50,1,11,1
partial_page,"520 Dhariyat Start","وَالذَّارِيَاتِ ذَرْوًا فَالْحَامِلَاتِ",520,51,14,15,2
page,"521 Dhariyat Juz 26 End","وَالسَّمَاءِ ذَاتِ الْحُبُكِ",521,51,1,15,
page,"522 Dhariyat Juz 27 Start","قَالَ فَمَا خَطْبُكُمْ",522,51,1,15,
page,"Item 561","كَذَلِكَ مَا أَتَى",523,51,1,7,
partial_page,"523 Dhariyat End","كَذَلِكَ مَا أَتَى",523,51,1,7,1
partial_page,"523 Tur Start","وَالطُّورِ وَكِتَابٍ مَسْطُورٍ",523,52,10,15,2
page,"524 Tur P2","أَفَسِحْرٌ هَذَا أَمْ",524,52,1,15,
page,"525 Tur End","أَمْ تَأْمُرُهُمْ أَحْلَامُهُمْ",525,52,1,15,
page,"526 Najm Start","وَالنَّجْمِ إِذَا هَوَى",526,53,3,15,
page,"527 Najm P2","إِنَّ الَّذِينَ لَا",527,53,1,15,
page,"Item 568","وَأَنَّهُ خَلَقَ الزَّوْجَيْنِ",528,53,1,9,
partial_page,"528 Najm End","وَأَنَّهُ خَلَقَ الزَّوْجَيْنِ",528,53,1,9,1
partial_page,"528 Qamar Start","اقْتَرَبَتِ السَّاعَةُ وَانْشَقَّ",528,54,12,15,2
page,"529 Qamar P2","خُشَّعًا أَبْصَارُهُمْ يَخْرُجُونَ",529,54,1,15,
page,"530 Qamar P3","وَنَبِّئْهُمْ أَنَّ الْمَاءَ",530,54,1,15,
page,"Item 573","وَمَا أَمْرُنَا إِلَّا",531,54,1,4,
partial_page,"531 Qamar End","وَمَا أَمْرُنَا إِلَّا",531,54,1,4,1
partial_page,"531 Rahman Start","الرَّحْمَنُ عَلَّمَ الْقُرْآنَ",531,55,7,15,2
page,"532 Rahman P2","مَرَجَ الْبَحْرَيْنِ يَلْتَقِيَانِ",532,55,1,15,
page,"533 Rahman P3","فَبِأَيِّ آلَاءِ رَبِّكُمَا",533,55,1,15,
page,"Item 578","فِيهِنَّ خَيْرَاتٌ حِسَانٌ",534,55,1,6,
partial_page,"534 Rahman End","فِيهِنَّ خَيْرَاتٌ حِسَانٌ",534,55,1,6,1
partial_page,"534 Waqi'ah Start","إِذَا وَقَعَتِ الْوَاقِعَةُ",534,56,9,15,2
page,"535 Waqi'ah P2","يَطُوفُ عَلَيْهِمْ وِلْدَانٌ",535,56,1,15,
page,"536 Waqi'ah P3","ثُمَّ إِنَّكُمْ أَيُّهَا",536,56,1,15,
page,"Item 583","إِنَّهُ لَقُرْآنٌ كَرِيمٌ",537,56,1,10,
partial_page,"537 Waqi'ah End","إِنَّهُ لَقُرْآنٌ كَرِيمٌ",537,56,1,10,1
partial_page,"537 Hadid Start","سَبَّحَ لِلَّهِ مَا",537,57,13,15,2
page,"538 Hadid P2","هُوَ الَّذِي خَلَقَ",538,57,1,15,
page,"539 Hadid P3","يَوْمَ تَرَى الْمُؤْمِنِينَ",539,57,1,15,
page,"540 Hadid P4","وَالَّذِينَ آمَنُوا بِاللَّهِ",540,57,1,15,
page,"541 Hadid Juz 27 End","لَقَدْ أَرْسَلْنَا رُسُلَنَا",541,57,1,15,
page,"542 Mujadila Juz 28 Start","قَدْ سَمِعَ اللَّهُ",542,58,3,15,
page,"543 Mujadila P2","أَلَمْ تَرَ أَنَّ",543,58,1,15,
page,"544 Mujadila P3","يَاأَيُّهَا الَّذِينَ آمَنُوا",544,58,1,15,
page,"Item 593","لَا تَجِدُ قَوْمًا",545,58,1,6,
partial_page,"545 Mujadila End","لَا تَجِدُ قَوْمًا",545,58,1,6,1
partial_page,"545 Hashr Start","سَبَّحَ لِلَّهِ مَا",545,59,9,15,2
page,"546 Hashr P2","ذَلِكَ بِأَنَّهُمْ شَاقُّوا",546,59,1,15,
page,"547 Hashr P3","وَالَّذِينَ جَاءُوا مِنْ",547,59,1,15,
page,"548 Hashr End","فَكَانَ عَاقِبَتَهُمَا أَنَّهُمَا",548,59,1,15,
page,"549 Mumtahanah Start","يَاأَيُّهَا الَّذِينَ آمَنُوا",549,60,3,15,
page,"550 Mumtahanah P2","لَقَدْ كَانَ لَكُمْ",550,60,1,15,
page,"Item 601","يَاأَيُّهَا النَّبِيُّ إِذَا",551,60,1,6,
partial_page,"551 Mumtahanah End","يَاأَيُّهَا النَّبِيُّ إِذَا",551,60,1,6,1
partial_page,"551 Saf Start","سَبَّحَ لِلَّهِ مَا",551,61,9,15,2
page,"552 Saf End","وَإِذْ قَالَ عِيسَى",552,61,1,15,
page,"553 Jumu'ah Start","يُسَبِّحُ لِلَّهِ مَا",553,62,3,15,
page,"Item 606","يَاأَيُّهَا الَّذِينَ آمَنُوا",554,62,1,6,
partial_page,"554 Jumu'ah End","يَاأَيُّهَا الَّذِينَ آمَنُوا",554,62,1,6,1
partial_page,"554 Munafiqun Start","إِذَا جَاءَكَ الْمُنَافِقُونَ",554,63,9,15,2
page,"555 Munafiqun End","وَإِذَا قِيلَ لَهُمْ",555,63,1,15,
page,"556 Taghabun Start","يُسَبِّحُ لِلَّهِ مَا",556,64,3,15,
page,"557 Taghabun End","وَالَّذِينَ كَفَرُوا وَكَذَّبُوا",557,64,1,15,
page,"558 Talaq Start","يَاأَيُّهَا النَّبِيُّ إِذَا",558,65,3,15,
page,"559 Talaq End","أَسْكِنُوهُنَّ مِنْ حَيْثُ",559,65,1,15,
page,"560 Tahrim Start","يَاأَيُّهَا النَّبِيُّ لِمَ",560,66,3,15,
page,"561 Tahrim Juz 28 End","يَاأَيُّهَا الَّذِينَ آمَنُوا",561,66,1,15,
page,"562 Mulk Juz 29 Start","تَبَارَكَ الَّذِي بِيَدِهِ",562,67,3,15,
page,"563 Mulk P2","وَأَسِرُّوا قَوْلَكُمْ أَوِ",563,67,1,15,
page,"Item 618","فَلَمَّا رَأَوْهُ زُلْفَةً",564,67,1,5,
partial_page,"564 Mulk End","فَلَمَّا رَأَوْهُ زُلْفَةً",564,67,1,5,1
partial_page,"564 Qalam Start","ن وَالْقَلَمِ وَمَا",564,68,8,15,2
page,"565 Qalam P2","إِنَّا بَلَوْنَاهُمْ كَمَا",565,68,1,15,
page,"Item 622","خَاشِعَةً أَبْصَارُهُمْ تَرْهَقُهُمْ",566,68,1,9,
partial_page,"566 Qalam End","خَاشِعَةً أَبْصَارُهُمْ تَرْهَقُهُمْ",566,68,1,9,1
partial_page,"566 Haqqah Start","الْحَاقَّةُ مَا الْحَاقَّةُ",566,69,12,15,2
page,"567 Haqqah P2","وَجَاءَ فِرْعَوْنُ وَمَنْ",567,69,1,15,
page,"Item 626","وَلَا طَعَامٌ إِلَّا",568,69,1,8,
partial_page,"568 Haqqah End","وَلَا طَعَامٌ إِلَّا",568,69,1,8,1
partial_page,"568 Ma'arij Start","سَأَلَ سَائِلٌ بِعَذَابٍ",568,70,11,15,2
page,"569 Ma'arij P2","يُبَصَّرُونَهُمْ يَوَدُّ الْمُجْرِمُ",569,70,1,15,
page,"Item 630","عَلَى أَنْ نُبَدِّلَ",570,70,1,4,
partial_page,"570 Ma'arij End","عَلَى أَنْ نُبَدِّلَ",570,70,1,4,1
partial_page,"570 Nuh Start","إِنَّا أَرْسَلْنَا نُوحًا",570,71,7,15,2
page,"571 Nuh End","يُرْسِلِ السَّمَاءَ عَلَيْكُمْ",571,71,1,15,
page,"572 Jinn Start","قُلْ أُوحِيَ إِلَيَّ",572,72,3,15,
page,"573 Jinn End","وَأَنَّا مِنَّا الْمُسْلِمُونَ",573,72,1,15,
page,"574 Muzzammil Start","يَاأَيُّهَا الْمُزَّمِّلُ قُمِ",574,73,3,15,
page,"Item 637","إِنَّ رَبَّكَ يَعْلَمُ",575,73,1,7,
partial_page,"575 Muzzammil End","إِنَّ رَبَّكَ يَعْلَمُ",575,73,1,7,1
partial_page,"575 Muddaththir Start","يَاأَيُّهَا الْمُدَّثِّرُ قُمْ",575,74,10,15,2
page,"576 Muddaththir P2","فَقُتِلَ كَيْفَ قَدَّرَ",576,74,1,15,
page,"Item 641","فَمَا تَنْفَعُهُمْ شَفَاعَةُ",577,74,1,5,
partial_page,"577 Muddaththir End","فَمَا تَنْفَعُهُمْ شَفَاعَةُ",577,74,1,5,1
partial_page,"577 Qiyamah Start","لَا أُقْسِمُ بِيَوْمِ",577,75,8,15,2
page,"Item 644","كَلَّا بَلْ تُحِبُّونَ",578,75,1,9,
partial_page,"578 Qiyamah End","كَلَّا بَلْ تُحِبُّونَ",578,75,1,9,1
partial_page,"578 Insan Start","هَلْ أَتَى عَلَى",578,76,12,15,2
page,"579 Insan P2","عَيْنًا يَشْرَبُ بِهَا",579,76,1,15,
page,"Item 648","وَمِنَ اللَّيْلِ فَاسْجُدْ",580,76,1,6,
partial_page,"580 Insan End","وَمِنَ اللَّيْلِ فَاسْجُدْ",580,76,1,6,1
partial_page,"580 Mursalat Start","وَالْمُرْسَلَاتِ عُرْفًا فَالْعَاصِفَاتِ",580,77,9,15,2
page,"581 Mursalat Juz 29 End","أَلَمْ نَخْلُقْكُمْ مِنْ",581,77,1,15,
page,"582 Naba Juz 30 Start","عَمَّ يَتَسَاءَلُونَ عَنِ",582,78,3,15,
page,"Item 653","إِنَّ لِلْمُتَّقِينَ مَفَازًا",583,78,1,7,
partial_page,"583 Naba End","إِنَّ لِلْمُتَّقِينَ مَفَازًا",583,78,1,7,1
partial_page,"583 Nazi'at Start","وَالنَّازِعَاتِ غَرْقًا وَالنَّاشِطَاتِ",583,79,10,15,2
page,"584 Nazi'at End","اذْهَبْ إِلَى فِرْعَوْنَ",584,79,1,15,
page,"585 Abasa Start","عَبَسَ وَتَوَلَّى أَنْ",585,80,3,15,
page,"Item 658","تَرْهَقُهَا قَتَرَةٌ أُولَئِكَ",586,80,1,1,
partial_page,"586 Abasa End","تَرْهَقُهَا قَتَرَةٌ أُولَئِكَ",586,80,1,1,1
partial_page,"586 Takwir Start","إِذَا الشَّمْسُ كُوِّرَتْ",586,81,4,15,2
page,"Item 661","إِذَا السَّمَاءُ انْفَطَرَتْ",587,82,3,11,
partial_page,"587 Infitar Start","إِذَا السَّمَاءُ انْفَطَرَتْ",587,82,3,11,1
partial_page,"587 Mutaffifin Start","وَيْلٌ لِلْمُطَفِّفِينَ الَّذِينَ",587,83,14,15,2
page,"588 Mutaffifin P2","لِيَوْمٍ عَظِيمٍ يَوْمَ",588,83,1,15,
page,"Item 665","فَالْيَوْمَ الَّذِينَ آمَنُوا",589,83,1,2,
partial_page,"589 Mutaffifin End","فَالْيَوْمَ الَّذِينَ آمَنُوا",589,83,1,2,1
partial_page,"589 Inshiqaq Start","إِذَا السَّمَاءُ انْشَقَّتْ",589,84,5,15,2
page,"Item 668","إِلَّا الَّذِينَ آمَنُوا",590,84,1,1,
partial_page,"590 Inshiqaq End","إِلَّا الَّذِينَ آمَنُوا",590,84,1,1,1
partial_page,"590 Buruj Start","وَالسَّمَاءِ ذَاتِ الْبُرُوجِ",590,85,4,15,2
page,"Item 671","وَالسَّمَاءِ وَالطَّارِقِ وَمَا",591,86,3,9,
partial_page,"591 Tariq Start","وَالسَّمَاءِ وَالطَّارِقِ وَمَا",591,86,3,9,1
partial_page,"591 A'la Start","سَبِّحِ اسْمَ رَبِّكَ",591,87,12,15,2
page,"Item 674","وَيَتَجَنَّبُهَا الْأَشْقَى الَّذِي",592,87,1,4,
partial_page,"592 A'la End","وَيَتَجَنَّبُهَا الْأَشْقَى الَّذِي",592,87,1,4,1
partial_page,"592 Ghashiyah Start","هَلْ أَتَاكَ حَدِيثُ",592,88,7,15,2
page,"Item 677","إِلَّا مَنْ تَوَلَّى",593,88,1,2,
partial_page,"593 Ghashiyah End","إِلَّا مَنْ تَوَلَّى",593,88,1,2,1
partial_page,"593 Fajr Start","وَالْفَجْرِ وَلَيَالٍ عَشْرٍ",593,89,5,15,2
page,"Item 680","وَجِيءَ يَوْمَئِذٍ بِجَهَنَّمَ",594,89,1,5,
partial_page,"594 Fajr End","وَجِيءَ يَوْمَئِذٍ بِجَهَنَّمَ",594,89,1,5,1
partial_page,"594 Balad Start","لَا أُقْسِمُ بِهَذَا",594,90,8,15,2
page,"Item 683","وَالَّذِينَ كَفَرُوا بِآيَاتِنَا",595,90,1,1,
partial_page,"595 Balad End","وَالَّذِينَ كَفَرُوا بِآيَاتِنَا",595,90,1,1,1
partial_page,"595 Shams Start","وَالشَّمْسِ وَضُحَاهَا وَالْقَمَرِ",595,91,4,10,2
partial_page,"595 Layl Start","وَاللَّيْلِ إِذَا يَغْشَى",595,92,13,15,3
page,"Item 687","فَسَنُيَسِّرُهُ لِلْعُسْرَى وَمَا",596,92,1,5,
partial_page,"596 Layl End","فَسَنُيَسِّرُهُ لِلْعُسْرَى وَمَا",596,92,1,5,1
partial_page,"596 Duhaa Start","وَالضُّحَى وَاللَّيْلِ إِذَا",596,93,8,12,2
partial_page,"596 Sharh Start","أَلَمْ نَشْرَحْ لَكَ",596,94,15,15,3
page,"Item 691","الَّذِي أَنْقَضَ ظَهْرَكَ",597,94,1,2,
partial_page,"597 Sharh End","الَّذِي أَنْقَضَ ظَهْرَكَ",597,94,1,2,1
partial_page,"597 Tin Start","وَالتِّينِ وَالزَّيْتُونِ وَطُورِ",597,95,5,8,2
partial_page,"597 Alaq Start","اقْرَأْ بِاسْمِ رَبِّكَ",597,96,11,15,3
page,"Item 695","أَرَأَيْتَ إِنْ كَذَّبَ",598,96,1,3,
partial_page,"598 Alaq End","أَرَأَيْتَ إِنْ كَذَّبَ",598,96,1,3,1
partial_page,"598 Qadr Start","إِنَّا أَنْزَلْنَاهُ فِي",598,97,6,8,2
partial_page,"598 Bayyinah Start","لَمْ يَكُنِ الَّذِينَ",598,98,11,15,3
page,"Item 699","إِنَّ الَّذِينَ كَفَرُوا",599,98,1,5,
partial_page,"599 Bayyinah End","إِنَّ الَّذِينَ كَفَرُوا",599,98,1,5,1
partial_page,"599 Zalzalah Start","إِذَا زُلْزِلَتِ الْأَرْضُ",599,99,8,11,2
partial_page,"599 Adiyat Start","وَالْعَادِيَاتِ ضَبْحًا فَالْمُورِيَاتِ",599,100,14,15,3
page,"Item 703","إِنَّ الْإِنْسَانَ لِرَبِّهِ",600,100,1,3,
partial_page,"600 Adiyat End","إِنَّ الْإِنْسَانَ لِرَبِّهِ",600,100,1,3,1
partial_page,"600 Qariah Start","الْقَارِعَةُ مَا الْقَارِعَةُ",600,101,6,10,2
partial_page,"600 Takathur Start","أَلْهَاكُمُ التَّكَاثُرُ حَتَّى",600,102,13,15,3
page,"Item 707","وَالْعَصْرِ إِنَّ الْإِنْسَانَ",601,103,3,4,
partial_page,"601 Asr Start","وَالْعَصْرِ إِنَّ الْإِنْسَانَ",601,103,3,4,1
partial_page,"601 Humazah Start","وَيْلٌ لِكُلِّ هُمَزَةٍ",601,104,7,10,2
partial_page,"601 Fil Start","أَلَمْ تَرَ كَيْفَ",601,105,13,15,3
page,"Item 711","لِإِيلَافِ قُرَيْشٍ إِيلَافِهِمْ",602,106,3,5,
partial_page,"602 Quraysh Start","لِإِيلَافِ قُرَيْشٍ إِيلَافِهِمْ",602,106,3,5,1
partial_page,"602 Maun Start","أَرَأَيْتَ الَّذِي يُكَذِّبُ",602,107,8,11,2
partial_page,"602 Kawthar Start","إِنَّا أَعْطَيْنَاكَ الْكَوْثَرَ",602,108,14,15,3
page,"Item 715","قُلْ يَاأَيُّهَا الْكَافِرُونَ",603,109,3,5,
partial_page,"603 Kafirun Start","قُلْ يَاأَيُّهَا الْكَافِرُونَ",603,109,3,5,1
partial_page,"603 Nasr Start","إِذَا جَاءَ نَصْرُ",603,110,8,10,2
partial_page,"603 Masad Start","تَبَّتْ يَدَا أَبِي",603,111,13,15,3
page,"Item 719","قُلْ هُوَ اللَّهُ",604,112,3,4,
partial_page,"604 Ikhlas Start","قُلْ هُوَ اللَّهُ",604,112,3,4,1
partial_page,"604 Falaq Start","قُلْ أَعُوذُ بِرَبِّ",604,113,7,9,2
partial_page,"604 Nas Juz 30 End","قُلْ أَعُوذُ بِرَبِّ",604,114,12,15,3
surah,"Surah 1. Fatihah",,,1,,,
surah,"Surah 2. Baqarah",,,2,,,
surah,"Surah 3. Ali 'Imran",,,3,,,
surah,"Surah 4. Nisa",,,4,,,
surah,"Surah 5. Maidah",,,5,,,
surah,"Surah 6. Anam",,,6,,,
surah,"Surah 7. Araf",,,7,,,
surah,"Surah 8. Anfal",,,8,,,
surah,"Surah 9. Tawbah",,,9,,,
surah,"Surah 10. Yunus",,,10,,,
surah,"Surah 11. Hud",,,11,,,
surah,"Surah 12. Yusuf",,,12,,,
surah,"Surah 13. Ra'd",,,13,,,
surah,"Surah 14. Ibrahim",,,14,,,
surah,"Surah 15. Hijr",,,15,,,
surah,"Surah 16. Nahl",,,16,,,
surah,"Surah 17. Isra",,,17,,,
surah,"Surah 18. Kahf",,,18,,,
surah,"Surah 19. Maryam",,,19,,,
surah,"Surah 20. Taha",,,20,,,
surah,"Surah 21. Anbiya",,,21,,,
surah,"Surah 22. Hajj",,,22,,,
surah,"Surah 23. Mu'minun",,,23,,,
surah,"Surah 24. Nur",,,24,,,
surah,"Surah 25. Furqan",,,25,,,
surah,"Surah 26. Shu'ara",,,26,,,
surah,"Surah 27. Naml",,,27,,,
surah,"Surah 28. Qasas",,,28,,,
surah,"Surah 29. Ankabut",,,29,,,
surah,"Surah 30. Rum",,,30,,,
surah,"Surah 31. Luqman",,,31,,,
surah,"Surah 32. Sajdah",,,32,,,
surah,"Surah 33. Ahzab",,,33,,,
surah,"Surah 34. Saba",,,34,,,
surah,"Surah 35. Fatir",,,35,,,
surah,"Surah 36. Yasin",,,36,,,
surah,"Surah 37. Saffat",,,37,,,
surah,"Surah 38. Sad",,,38,,,
surah,"Surah 39. Zumar",,,39,,,
surah,"Surah 40. Ghafir",,,40,,,
surah,"Surah 41. Fussilat",,,41,,,
surah,"Surah 42. Shuraa",,,42,,,
surah,"Surah 43. Zukhruf",,,43,,,
surah,"Surah 44. Dukhan",,,44,,,
surah,"Surah 45. Jathiyah",,,45,,,
surah,"Surah 46. Ahqaf",,,46,,,
surah,"Surah 47. Muhammad",,,47,,,
surah,"Surah 48. Fath",,,48,,,
surah,"Surah 49. Hujurat",,,49,,,
surah,"Surah 50. Qaf",,,50,,,
surah,"Surah 51. Dhariyat",,,51,,,
surah,"Surah 52. Tur",,,52,,,
surah,"Surah 53. Najm",,,53,,,
surah,"Surah 54. Qamar",,,54,,,
surah,"Surah 55. Rahman",,,55,,,
surah,"Surah 56. Waqi'ah",,,56,,,
surah,"Surah 57. Hadid",,,57,,,
surah,"Surah 58. Mujadila",,,58,,,
surah,"Surah 59. Hashr",,,59,,,
surah,"Surah 60. Mumtahanah",,,60,,,
surah,"Surah 61. Saf",,,61,,,
surah,"Surah 62. Jumu'ah",,,62,,,
surah,"Surah 63. Munafiqun",,,63,,,
surah,"Surah 64. Taghabun",,,64,,,
surah,"Surah 65. Talaq",,,65,,,
surah,"Surah 66. Tahrim",,,66,,,
surah,"Surah 67. Mulk",,,67,,,
surah,"Surah 68. Qalam",,,68,,,
surah,"Surah 69. Haqqah",,,69,,,
surah,"Surah 70. Ma'arij",,,70,,,
surah,"Surah 71. Nuh",,,71,,,
surah,"Surah 72. Jinn",,,72,,,
surah,"Surah 73. Muzzammil",,,73,,,
surah,"Surah 74. Muddaththir",,,74,,,
surah,"Surah 75. Qiyamah",,,75,,,
surah,"Surah 76. Insan",,,76,,,
surah,"Surah 77. Mursalat",,,77,,,
surah,"Surah 78. Naba",,,78,,,
surah,"Surah 79. Nazi'at",,,79,,,
surah,"Surah 80. Abasa",,,80,,,
surah,"Surah 81. Takwir",,,81,,,
surah,"Surah 82. Infitar",,,82,,,
surah,"Surah 83. Mutaffifin",,,83,,,
surah,"Surah 84. Inshiqaq",,,84,,,
surah,"Surah 85. Buruj",,,85,,,
surah,"Surah 86. Tariq",,,86,,,
surah,"Surah 87. A'la",,,87,,,
surah,"Surah 88. Ghashiyah",,,88,,,
surah,"Surah 89. Fajr",,,89,,,
surah,"Surah 90. Balad",,,90,,,
surah,"Surah 91. Shams",,,91,,,
surah,"Surah 92. Layl",,,92,,,
surah,"Surah 93. Duhaa",,,93,,,
surah,"Surah 94. Sharh",,,94,,,
surah,"Surah 95. Tin",,,95,,,
surah,"Surah 96. Alaq",,,96,,,
surah,"Surah 97. Qadr",,,97,,,
surah,"Surah 98. Bayyinah",,,98,,,
surah,"Surah 99. Zalzalah",,,99,,,
surah,"Surah 100. Adiyat",,,100,,,
surah,"Surah 101. Qariah",,,101,,,
surah,"Surah 102. Takathur",,,102,,,
surah,"Surah 103. Asr",,,103,,,
surah,"Surah 104. Humazah",,,104,,,
surah,"Surah 105. Fil",,,105,,,
surah,"Surah 106. Quraysh",,,106,,,
surah,"Surah 107. Maun",,,107,,,
surah,"Surah 108. Kawthar",,,108,,,
surah,"Surah 109. Kafirun",,,109,,,
surah,"Surah 110. Nasr",,,110,,,
surah,"Surah 111. Masad",,,111,,,
surah,"Surah 112. Ikhlas",,,112,,,
surah,"Surah 113. Falaq",,,113,,,
surah,"Surah 114. Nas",,,114,,,
